:020000040000fa
:04005c00e8030000b5
:020000040000fa
:04001000e803000001
:020000040000fa
:04025c00e8030000b3
:020000040000fa
:04021000e8030000ff
:020000040000fa
:04027400040300007f
:020000040000fa
:04033400e8030000da
:020000040000fa
:04027000e80300009f
:020000040000fa
:04022c00e8030000e3
:020000040000fa
:04023c00e8030000d3
:020000040000fa
:0402bc00e803000053
:020000040000fa
:0402c000e80300004f
:020000040000fa
:0402c400e80300004b
:020000040000fa
:04022800e8030000e7
:020000040000fa
:04027800e803000097
:020000040000fa
:04029c00e803000073
:020000040000fa
:04026000e8030000af
:020000040000fa
:04026400e8030000ab
:020000040000fa
:04027c00e803000093
:020000040000fa
:04028000e80300008f
:020000040000fa
:04028400e80300008b
:020000040000fa
:04028800e803000087
:020000040000fa
:0402b000e80300005f
:020000040000fa
:0402b400e80300005b
:020000040000fa
:0402b800e803000057
:020000040000fa
:04023800e8030000d7
:020000040000fa
:0402c800e803000047
:020000040000fa
:0402d000e80300003f
:020000040000fa
:0402d400e80300003b
:020000040000fa
:0402d800e803000037
:020000040000fa
:0402e000e80300002f
:020000040000fa
:0402e400e80300002b
:020000040000fa
:0402e800e803000027
:020000040000fa
:0402f400e80300001b
:020000040000fa
:0402f800e803000017
:020000040000fa
:0402fc00e803000013
:020000040000fa
:04030000e80300000e
:020000040000fa
:04030400e80300000a
:020000040000fa
:04030800e803000006
:020000040000fa
:04030c00e803000002
:020000040000fa
:04031000e8030000fe
:020000040000fa
:04031400e8030000fa
:020000040000fa
:04031800e8030000f6
:020000040000fa
:04031c00e8030000f2
:020000040000fa
:04032400e8030000ea
:020000040000fa
:04032800e8030000e6
:020000040000fa
:04033800e8030000d6
:020000040000fa
:04033c00e8030000d2
:020000040000fa
:04034000e8030000ce
:020000040000fa
:04034400e8030000ca
:020000040000fa
:04034800e8030000c6
:020000040000fa
:04026c00e8030000a3
:020000040000fa
:0402f000c203000045
:020000040000fa
:04021800e8030000f7
:020000040000fa
:04023000e8030000df
:020000040000fa
:04024000e8030000cf
:020000040000fa
:04028c00e803000083
:020000040000fa
:04029000e80300007f
:020000040000fa
:0402cc00e803000043
:020000040000fa
:04020c00e803000003
:020000040000fa
:0402dc00e803000033
:020000040000fa
:04032000e8030000ee
:020000040000fa
:04020800e803000007
:020000040000fa
:04021c00e8030000f3
:020000040000fa
:04022000e8030000ef
:020000040000fa
:04022400e8030000eb
:020000040000fa
:04026800e8030000a7
:020000040000fa
:0402ec009c0300006f
:020000040000fa
:04024c00e8030000c3
:020000040000fa
:04025000e8030000bf
:020000040000fa
:0402a800e803000067
:020000040000fa
:0402ac00e803000063
:020000040000fa
:04021400e8030000fb
:020000040000fa
:04023400e8030000db
:020000040000fa
:04024400e8030000cb
:020000040000fa
:04024800e8030000c7
:020000040000fa
:04029400dc02000088
:020000040000fa
:04029800e803000077
:020000040000fa
:04032c00e8030000e2
:020000040000fa
:04025400e8030000bb
:020000040000fa
:04025800e8030000b7
:020000040000fa
:04033000e8030000de
:020000040000fa
:0402a000e80300006f
:020000040000fa
:0402a400e80300006b
:020000040000fa
:04013400e8030000dc
:020000040000fa
:04007000e8030000a1
:020000040000fa
:04002c00e8030000e5
:020000040000fa
:04003c00e8030000d5
:020000040000fa
:0400bc00e803000055
:020000040000fa
:0400c000e803000051
:020000040000fa
:0400c400e80300004d
:020000040000fa
:04002800e8030000e9
:020000040000fa
:04007800e803000099
:020000040000fa
:04009c00e803000075
:020000040000fa
:04006000e8030000b1
:020000040000fa
:04006400e8030000ad
:020000040000fa
:04007c00e803000095
:020000040000fa
:04008000e803000091
:020000040000fa
:04008400e80300008d
:020000040000fa
:04008800e803000089
:020000040000fa
:0400b000e803000061
:020000040000fa
:0400b400e80300005d
:020000040000fa
:0400b800e803000059
:020000040000fa
:04003800e8030000d9
:020000040000fa
:0400c800e803000049
:020000040000fa
:0400d000e803000041
:020000040000fa
:0400d400e80300003d
:020000040000fa
:0400d800e803000039
:020000040000fa
:0400e000e803000031
:020000040000fa
:0400e400e80300002d
:020000040000fa
:0400e800e803000029
:020000040000fa
:0400f400e80300001d
:020000040000fa
:0400f800e803000019
:020000040000fa
:0400fc00e803000015
:020000040000fa
:04010000e803000010
:020000040000fa
:04010400e80300000c
:020000040000fa
:04010800e803000008
:020000040000fa
:04010c00e803000004
:020000040000fa
:04011000e803000000
:020000040000fa
:04011400e8030000fc
:020000040000fa
:04011800e8030000f8
:020000040000fa
:04011c00e8030000f4
:020000040000fa
:04012400e8030000ec
:020000040000fa
:04012800e8030000e8
:020000040000fa
:04013800e8030000d8
:020000040000fa
:04013c00e8030000d4
:020000040000fa
:04014000e8030000d0
:020000040000fa
:04014400e8030000cc
:020000040000fa
:04014800e8030000c8
:020000040000fa
:04006c00e8030000a5
:020000040000fa
:04001800e8030000f9
:020000040000fa
:04003000e8030000e1
:020000040000fa
:04004000e8030000d1
:020000040000fa
:04008c00e803000085
:020000040000fa
:04009000e803000081
:020000040000fa
:0400cc00e803000045
:020000040000fa
:04000c00e803000005
:020000040000fa
:0400dc00e803000035
:020000040000fa
:04012000e8030000f0
:020000040000fa
:04000800e803000009
:020000040000fa
:04001c00e8030000f5
:020000040000fa
:04002000e8030000f1
:020000040000fa
:04002400e8030000ed
:020000040000fa
:04006800e8030000a9
:020000040000fa
:04004c00e8030000c5
:020000040000fa
:04005000e8030000c1
:020000040000fa
:0400a800e803000069
:020000040000fa
:0400ac00e803000065
:020000040000fa
:04001400e8030000fd
:020000040000fa
:04003400e8030000dd
:020000040000fa
:04004400e8030000cd
:020000040000fa
:04004800e8030000c9
:020000040000fa
:04009800e803000079
:020000040000fa
:04012c00e8030000e4
:020000040000fa
:04005400e8030000bd
:020000040000fa
:04005800e8030000b9
:020000040000fa
:04013000e8030000e0
:020000040000fa
:0400a000e803000071
:020000040000fa
:0400a400e80300006d
:020000040000fa
:080000000002040000000000f2
:020000040000fa
:100400008fd420000e7f22000e0188000000000023
:10041000000020000000e000020032000001200087
:100420002002880014000700eb0007000000e00035
:1004300003003a00a01a2500010020000200370046
:100440000000200001002000810f70000100320038
:1004500014000700000020000000e000020032004d
:1004600000000200000000005856020000000000da
:100470000040da000000fe004440a90020012000f6
:100480000000e0000300320000002000a00188000e
:100490004440a800000006008a1f78008b1f7800e7
:1004a0000000060091018800800478000000eb0045
:1004b0001a003700e284440032a0b4009905ba0063
:1004c000e284440032a0b4009906ba00e2844400f9
:1004d00032a0b4000006eb00476fde00fd07b2005b
:1004e000636ce10003003a00ebff07000000eb0043
:1004f0000a003700606ce10004003a00005deb0088
:100500008b05e900fdff3e00040037006168e10053
:10051000010032000086eb000b00070019c7ba008b
:100520001905ba000e04e00003003a000a00e000da
:10053000e0ff3a0000000600fe07b2009e018800be
:100540008a047800f5ff3700395dba008b05e900b1
:100550000c003200295dba008b05e900080032006a
:100560000c00e00003003a00e284440032a0b40032
:10057000f5ff370019ddba008b05e900faff3a00f4
:100580008904e800e184440032a0b40000000600c1
:10059000000000000000000000000000000000005b
:1005a000000000000000000000000000000000004b
:1005b00000000000000000003600f800809fbe0030
:1005c000829fbe00849fbe00869fbe003400f8005c
:1005d00000002000a00188000000fa008760a90048
:1005e00090418000000001000080fa003400f90012
:1005f0004f03be004f02be004f01be004f00be00c1
:100600003600f90000400600809fbe00829fbe00b9
:100610003400f80000002000a00188000600fa0065
:1006200051168000110798000040eb00004f780041
:10063000370037001e80fb000180200000004000d2
:1006400000804000900078001e0090000080600054
:1006500000f0a7000000ea000000ea004f00de0002
:10066000404798001e80fb0001d22000e140780046
:100670004e40900080cf5000240032001e80fb00ce
:10068000c1d1200061407800e24f500010003200dc
:100690001e80fb00c1d1200061407800e14f500076
:1006a00003003a004e409000e14f50000800320035
:1006b0001e80fb00c1d12000614078000004e000f2
:1006c0000e003a004e4090000004e0000b003a009b
:1006d0001e81fb00c210dd00c0d020000080400061
:1006e0001000be0061004000e0804800c211dd0043
:1006f000c2d02000028141000089be001e80fb00a4
:1007000001d220004e419000827078001e4fe80018
:1007100008c8bf009e40780080cf5000c5ff390058
:100720008660a9000080fa003400f9004f01be0085
:100730004f00be00004006003600f800809fbe005b
:10074000829fbe00849fbe00869fbe003400f800da
:1007500000002000a00188000000fa008a20a90003
:10076000502507000080fa003400f9004f03be0056
:100770004f02be004f01be004f00be003600f90020
:10078000004006003600f800809fbe00829fbe0039
:10079000849fbe00869fbe003400f8000000200049
:1007a000a00188000000fa008a40a9005d2507002a
:1007b0000080fa003400f9004f03be004f02be0073
:1007c0004f01be004f00be003600f9000040060099
:1007d0000040da000000fe00000005000001be003d
:1007e0001b0007000470a70003f0a10003f8a3009a
:1007f00013003a006509b10010003200090035000d
:100800006928e10002003500010028000000050011
:1008100000004000818048008502e900fcff3a00aa
:1008200000000600f88f4200050035008100d1006d
:100830000080d3008502e800fcff3a0000000600bb
:100840008000eb00000005006011b800b502370021
:10085000c70ade00f107b200f50fb200080032004f
:10086000e1cf4200020032000170a0002400050028
:10087000810f7000010032000408050044000500eb
:10088000810f700002003a00140005008502e900a3
:100890000000400081c04800fcff3b000170a00048
:1008a0002400050007f82700078361000638e100ef
:1008b00004003a00f7072000878361008703710076
:1008c00001003a0003f0a200889fbe008a9fbe008c
:1008d0008c9fbe00470ade000480a100c71ade001c
:1008e0000580a1000700280007856000878561005a
:1008f000f70f20000720e1009e0032000728e100ea
:100900009c003200010678000400e000b4003200d0
:10091000f7072000878060000170a0000500e0005c
:10092000c0003200f7072000878161000370a0003b
:10093000050652000f003a000b50e1000b00320098
:100940000308e10002003a000200e1007e003200ec
:100950000204500083845800040031000001fd00af
:100960008101fd008402fd008a05fd006044b8009d
:10097000210037000520e10005003d000001fd00d9
:100980008101fd008402fd008a05fd00050652007c
:100990007a60e100050035000170a1004722dd000a
:1009a000848070008a807000630037006044b80063
:1009b000ef02660007ff2f00070666000500e00053
:1009c00006003400f08312008714dd000511de00fc
:1009d000071bdd00060171008519de007060e10073
:1009e00005003500090478008204780003017800ce
:1009f0008001eb00700656000b50e10003003a0046
:100a000002004000838048000400370060041400a6
:100a1000e0841c0002005800838058000188a30075
:100a2000060032008100d1000080d3008984d30009
:100a30000884d3000402e800270037000178a300ef
:100a400025003a000100e000030032008186cf005b
:100a5000698656000a0037008c0020000000e00084
:100a600004003a0009007800880478000004eb00d4
:100a7000700252008086cf000d0646000c06e90089
:100a80007060e10006003500800078000900780001
:100a9000880478000004eb007006560070025200d3
:100aa0000c00e0000c0034008c08dd00f0031600a0
:100ab0000703de00868070000c00dd00074bde00bf
:100ac000060070008c4cdd000743de008684740055
:100ad0000c44dd000c0252006120e10020003500d2
:100ae000610160000700280087816400f7ff27008c
:100af00087836400070374000300e00006003200ef
:100b000082037300040032000000e800e080480027
:100b10000188a3000e003a00f70f20000720e10033
:100b20004a003d000170a1004722dd0081007200f3
:100b30008a8070000000be004f06be004f05be0058
:100b40004f04be00000006006000b800faff370046
:100b50008100d1000080d3000402e800eeff3700de
:100b600004017800890174001b0107008a8070006d
:100b7000f1ff370042010700070278000001fd0085
:100b80008101fd003e0107008702780085037200a5
:100b90000778a300040032000001fd008101fd0080
:100ba00051010700e4ff3700850362000768a300d6
:100bb000080032000b50e10003003200f0ff2f006c
:100bc000f1ff2700dcff37000001fd008101fd007f
:100bd000d9ff37000468a300d7ff3200faff3700bf
:100be000f8ff2700888360000b003a000000e00057
:100bf00009003a008303640082837300020032001c
:100c00000200be00ccff37000b50e100ceff3a00df
:100c10000200be00c8ff37001400200081006400fd
:100c20003eff3700f8ff27008883610004003a0088
:100c30000200e00002003a008c007800beff37009e
:100c4000150020008301640039ff370001f82700f8
:100c50000000200081007500b7ff3700889fbe00ac
:100c60008a9fbe008c9fbe001b0020000202be00b7
:100c70000586680006002800060666004709de00b3
:100c8000f20fb200820032000243e800800032001e
:100c9000c729de00f30fb2007d0032000343e800f5
:100ca0007b003200f107b2000170a000f507b2002e
:100cb0000570a000c708dd004903de0086807000d3
:100cc0004700dd00c72add004923de00868272006e
:100cd0004722dd00030551000403500085835800be
:100ce0000300310000004000818048000a05e9004f
:100cf0008c1f78008a9fbe00040050008580580039
:100d00000402420085824a000000400081804800c1
:100d10000005eb000004be006033b8000406be000e
:100d20000d48e10056003100110009004dccd800fb
:100d30000c01b8000d02b8008481410060824a00b5
:100d40008283530003045c0084845c0060055d00c2
:100d50000a00e00025003a00800578000d40e1001f
:100d60004900310088007800070078001100090070
:100d70004d88d8000c01b8000d02b80084814100f4
:100d800060824a006003110083835b0004045c00fe
:100d9000e0845c000900e00021003a004f01be0041
:100da0000300e0002b003200e3016000070673003f
:100db0008c81710001003200640070004200de008e
:100dc0004e5edd000c007000c258de0001e0a000a5
:100dd000ce000700cf017800818071004f06be0071
:100de0004f05be004f04be00000006008c83430088
:100df0000d044c00e0844c0060054d000000e9004b
:100e00000a00e000d4ff32008c8343000d044c0044
:100e1000e0844c0060054d000000e900ceff370083
:100e20000c0343008d834b0060044c00e0844c00b5
:100e30000000e9000900e000d8ff32000c03430085
:100e40008d834b0060044c00e0844c000000e900fe
:100e5000d2ff37004200de004e5edd000c00700065
:100e6000c258de0001e0a000cf0178000300e000de
:100e7000daff320060001000e0801800d7ff370072
:100e8000f0ff2f00aaff3700f0ff2f00b9ff370057
:100e90000404be007a000700870678000004fd0005
:100ea0008104fd0076000700078366000678a30032
:100eb000030032000960a7000800be002c003700c4
:100ec0000d78a300020032000800be0028003700a1
:100ed0000778a30026003a0001f0a10009f0a10064
:100ee0000668a30003003200f1ff2700f0ff2f0087
:100ef000baff37000d68a300030032000800be00ef
:100f00008c807000b5ff37000768a30007003a0027
:100f10000648a30003003200f1ff2700f0ff2f0076
:100f2000aeff37000d48a300030032006000b80098
:100f30008c807000a9ff37000748a300040032002e
:100f400001f82700000020008c807000a3ff37000c
:100f5000c10007000004fd008104fd0002057800c7
:100f6000bd0007000802be008a01780059ff370063
:100f70000160a00012022000f241880097ff3700b4
:100f80000100e000120032000500e0001000320015
:100f9000889fbe008a9fbe008c9fbe000006eb00ab
:100fa00001f8a3000300320060001000e080180088
:100fb0000cf0a00005f8a30003003200600212004c
:100fc000e0821a000cf0a2008005eb0041ff370020
:100fd0006000b800020005000100e00026003200b9
:100fe000610111007810e10023003c006022b8008c
:100ff0007010e100040035008002780001007800e4
:101000008000eb00700151000200e0000900340094
:1010100070031100062add00822ade008603dd004f
:10102000878272000200de00860bdd000700700080
:101030008208de0084817100f4ff270004826200d0
:1010400084817100040028008482620061026000d3
:1010500005f0a600000006000482710007003200bf
:101060000000e800e0804800000006000002be002a
:101070006000b800efff37006000b8000000060015
:101080002700200001f0a70017002000470bde001a
:10109000f60fb200040032000643e8000a003200f6
:1010a0004702b3000000060001037800f607b20013
:1010b0000603700002003a000703b30000000600b8
:1010c0008702b3000000060001037800f607b200b3
:1010d00006037000020032000770a0000000060046
:1010e0000760a000000006000478a300040032009e
:1010f0000578a300030032000168a30001003a0054
:101100000200be000160a000000006008101700026
:10111000270032008002eb0001f8a3000300320038
:1011200060001000e080180015002000f407200087
:101130000202420020003400f70320008703600011
:101140000604200000036300020820000001610083
:101150004700de00c909dd0000807100c708de001d
:101160000600e0000800320087037100060032002c
:101170001000b0000180b0000188a300020032001e
:10118000c108de000402e800f107b200f30f2000fe
:101190000320e10003003d004722dd0081007200d2
:1011a0002900370001f827000000eb002600370077
:1011b0006000b80000000600680212007f20e10015
:1011c000020034006000b8001f0037006011b80052
:1011d0007020e100040035008001780001007800f3
:1011e0008000eb00700252000400e00009003400af
:1011f000f00312000719dd008419de000703dd008b
:10120000868171000400de00070bdd00060070001f
:101210008408de00f7ff27008383630087037100e3
:101220000600280003036300070032000700e00007
:1012300003003a0061016000028173000200320085
:101240001000b0000180b0000500a60000000600fc
:1012500001f0a000000006004f0ade004709de0092
:10126000f107b200f20fb2000b003200f207b1003a
:101270000170a000c708dd00c901de008380700096
:101280004700dd000400a60000000600600010001a
:10129000e080180000000600810f700001003a0095
:1012a000000006008182cf000500e00010003e0033
:1012b0008082cf00ee8242007028e10004003900f5
:1012c00007003e00800078000000eb000e003700b1
:1012d000708312008600de000500dd000a00370082
:1012e000708352008600dd000000eb00060037002e
:1012f000e28252008508dd00708312000603de00e2
:10130000868070000500dd007507b0000501ea0069
:101310000400a6000000060060001000e080180035
:1013200000000600889fbe008a9fbe0000827000f9
:101330000402710004827100260032000004be0025
:101340000200be006011b8006b0920009502200069
:101350000182cf000a0039000541b1000082cf00b0
:10136000070039000541b1000982cf0004003900af
:101370000541b1000882cf00010039000541b100ec
:1013800005425200120032000a003b0082817100c7
:10139000610164008100d1000080d3008984d30002
:1013a0000884d3008b05e8000442e800f7ff3a0008
:1013b000070037000804440089844c0000004800fe
:1013c000818048008b05e9000442e900f9ff3a00fa
:1013d000030007004f05be004f04be0000000600da
:1013e00081002000618055000b003d000b002000b3
:1013f00061fe2f000100e1001d00340082817100b8
:10140000610164008904d1000884d3000000e80071
:10141000faff3a00710020006100640003007000d0
:10142000020060000900320061044400e0844c00c6
:101430000988a500050032008b05e8006808e10076
:1014400002003a008904d1000884d300f20f200082
:101450000258e10005003d00c75ddd00f907b2005c
:101460008980750008007800000006000bf827004e
:101470008b007800000005008000eb003901370088
:10148000800078001000200002022000828f5000af
:1014900004003200e9805000e48f50000100360063
:1014a0000000eb0000000600889fbe008a1f780045
:1014b000000578000a047800984478000805e800e0
:1014c0000900fb00eeff07000000e000f9ff3a0012
:1014d000b0c2b30080cf540005003200d0c2b300c8
:1014e0008000eb0080cf540005003a000200370076
:1014f0008000eb0001003700110020000804e80024
:101500000000eb00030037006a02b900020052003d
:101510000003b0003801fb0003fd2f008281410071
:10152000e98f5100f8ff36000100e00001003a00a9
:101530000000ea004f0578004f04be0000000600de
:10154000800078001000200002022000828f5000ee
:1015500004003200e9805000e48f500001003600a2
:101560000000eb0000000600889fbe008a9fbe00be
:10157000000578008a047800194478000905e8001d
:101580000800fb00eeff07000000e000f9ff3a0052
:10159000b0c2b300804f540004003200d0c2b30088
:1015a000804f540006003a00020037000004eb00b0
:1015b00001003700180020008904e800010037000e
:1015c0000004eb006000b80006003700a200200015
:1015d000030020000c160700cfd5de000a005000e3
:1015e0008b8058003905fb000a03b100e90f550054
:1015f000f6ff36000800e00002003a00600010002c
:10160000e08018004f05be004f04be000000060039
:10161000800078001000200002022000828f50001d
:1016200004003200e9805000e48f500001003600d1
:101630000000eb0000000600889fbe008a1f7800b3
:1016400080047800090578001a4478008a04e800cc
:101650000800fb00eeff07000000e000f9ff3a0081
:10166000b0c2b300804f540004003200d0c2b300b7
:10167000804f540006003a00020037000004eb00df
:1016800001003700180020000a05e80001003700bb
:101690000004eb006000b8006011b80009003700da
:1016a000a4002000050020006033b800b419070032
:1016b0004fcade0009005000848058000401590020
:1016c00084815900ba04fb000903b100e98f54007a
:1016d000f3ff36000800e00006003a006022b80080
:1016e0006033b8000000520081805a0002015b00a4
:1016f00083815b004f0578004f04be0000000600a8
:10170000889fbe008a9fbe00800478000200e0002f
:101710005b00320001407800814c780082814400f7
:10172000f1f99f00e20f51005500360091449800f6
:10173000a1449800e1f99f00d1f99f00e60f510004
:101740004f003600b1449800c1f99f00e80f5100e6
:101750004b0036000905ea00630565000a84440071
:101760000a055100c1ff2f00010565000080fb0044
:101770008000eb001210200013102000a2150700bb
:10178000008cbe000a01440060b99f0071b99f003f
:10179000e80f55003a003600200498003104980004
:1017a000400498005104980020b99f0031b99f006f
:1017b00040b99f0051b99f00f80f55003000360026
:1017c0006004980071049800000c9800110c9800b7
:1017d000200c9800310c9800400c9800510c980097
:1017e00020b19f0031b19f0040b19f0051b19f00d7
:1017f00060b19f0071b19f0000b99f0011b99f00b7
:1018000064016400780141000204440002055500af
:101810006011b8000203be000002be000403be0057
:101820006022b80000007200818072000201730023
:101830008381730010003700009cbe000294be003c
:1018400040049800510498006204980073049800c2
:10185000000c9800110c9800220c9800330c980092
:10186000400c9800510c9800620c9800730c980082
:101870000a02b1000802b000ff0f5500eeff3e0063
:10188000090078004f05be004f04be0000000600ae
:101890000000fa00e88157004fb9970036000700b2
:1018a0000080fa00000006003c00fa00889fbe009d
:1018b0008a9fbe000004be00020578000f00780079
:1018c0004004b1001d0009000018eb0088a79f002c
:1018d000d8af9f000080eb00e0af9f006022b8000f
:1018e0006033b800c0fb2f000f0040003d09070027
:1018f000120020008a007800c0fb2f000f0040007b
:10190000220807006fb29700ffb297000fbb970045
:101910009fbb9700dfad97000fa597000900e0007f
:10192000090032000a855500cfd5de0004024500cb
:1019300085824d0006834d0087834d0001003200f3
:1019400004044400880c78004f05be004f04be001c
:101950000080fa00000006000001eb00d2ff070043
:10196000eb14370012002000cfff0700e814370007
:1019700022002000ccff37000f04b0008e1f78003b
:1019800002027800030178000000e000020032004b
:1019900000077800020037000efc2f000f074700f9
:1019a0008002eb000100e000010032008102e9004a
:1019b0000f007800e003b1001d0009000018eb00e3
:1019c0000080eb0090a79f0023102000a3a79f009a
:1019d000bea79f00c1a79f00d5a79f000100e00000
:1019e00003003d00b1042000216a88000700370091
:1019f000004feb00fea79f00eea79f008400780039
:101a000020fc2f000f004000b30907004f077800ab
:101a10000f04b100000006008000780010002000d4
:101a200002022000828f500004003200e980500042
:101a3000e48f5000010036000000eb0000000600bb
:101a40000800fa00889fbe008a9fbe00000478004c
:101a50008105780078089000b8109000810f500040
:101a600003003100b084fb00700c980003003700c5
:101a7000080078000009070080047800b002200008
:101a8000808f5400040032000005eb00d0022000db
:101a9000808f54001b003a00d982b20009f0a700e1
:101aa0008904ea008904e9004f4dde0078089000bf
:101ab000b8109000810f500003003100b084fb008b
:101ac000700c98000300370008007800ea0807004f
:101ad0008004780000fd2f0009004000e90f50004d
:101ae000080036000b00e0000600320038109000bd
:101af0000000e00003003200780890000000e900d8
:101b0000700c980000fd2f00090040008005eb00dc
:101b1000e90f500013003600381090000000e0007c
:101b200072003200780890000000e900700c980004
:101b30006e0037006a59b9008205400078089000ad
:101b4000b8109000810f500003003100b084fb00fa
:101b5000700c98000300370008007800c6080700e2
:101b60008004780000fd2f0009004000e90f5000bc
:101b700003003e00b1cc2000818f5500edff340002
:101b8000615ab900612bb90084bf9f0095bf9f00c7
:101b9000a6bf9f00b7bf9f001f003700a400200012
:101ba000050020006033b8000fb897009fb8970079
:101bb0002fb99700bfb9970071180700cfcdde008d
:101bc0000082440081824d0002834d0083834d00da
:101bd0000403b1000580b1000680b1000780b100a8
:101be00084bf9f0095bf9f00a6bf9f00b7bf9f0007
:101bf00078089000b8109000810f50000300310069
:101c0000b084fb00700c98000300370008007800d7
:101c1000990807008004780000fd2f0009004000ab
:101c2000e90f500017003e00d07a240011ae2700c3
:101c300042e12a00731420000fba97009fba970060
:101c40002fbb9700bfbb97000020e10001a8e10077
:101c500002b0e10003b8e100d0ff34000900370012
:101c600078089000810f500003003100b084fb0021
:101c7000700c980003003700080078007e08070009
:101c8000800478000903b100b8109000e98f540077
:101c9000f3ff36000100e0000300320078089000f6
:101ca0000000e900700c98000a00e0001600320005
:101cb0006000b8006011b8000fba97009fba970093
:101cc0002fbb9700bfbb97000402500085825800cd
:101cd000060359008783590084bf9f0095bf9f006a
:101ce000a6bf9f00b7bf9f00070037006000b80085
:101cf000020020000300280080bf9f0091bf9f00ca
:101d0000a2bf9f00b3bf9f000fb897009fb8970076
:101d10002fb99700bfb997004f05be004f04be0012
:101d20000080fa00000006000f04b000889fbe008b
:101d30008a9fbe008c9fbe008e1f78000006780030
:101d4000b1a79f00c29f9f00a3a79f00b49f9f00c1
:101d5000fc0890003c109000808f5000040031007f
:101d60003180fb00710e98000007eb000d0037007a
:101d70000c00780040080700fbff3700fc089000cb
:101d80003c109000808f5000030031003180fb0038
:101d9000710e9800020037000c007800360807002a
:101da0001e00200001032000810f5000f3ff3200cd
:101db0006022b8006033b80094af9f00a5af9f00c9
:101dc000b6af9f00c7af9f008002eb0095a79f00b2
:101dd000e1022000810f500023003a00fc0890002f
:101de0003c109000808f5000050031003180fb00d6
:101df000710e98006044b8006055b80011003700bb
:101e00000c0078001c080700faff3700fc0890005f
:101e10003c109000808f5000030031003180fb00a7
:101e2000710e9800020037000c00780012080700bd
:101e300061045400e0845c0060055d00e0855d00a5
:101e40001e00200001032000810f5000efff320030
:101e500098af9f00a9af9f00baaf9f00cbaf9f0084
:101e60001500200095a79f006022b8006033b800dd
:101e7000d4af9f00e5af9f00f6af9f0087b79f00ec
:101e80008002eb00a59f9f006022b80006002000a2
:101e900007ff2300d49f9f00e59f9f00f69f9f00b0
:101ea00087a79f006044b8006055b8006033b80051
:101eb000f6a79f0087af9f0084003700e102200053
:101ec000810f50000e003a009fa397000700e0002a
:101ed0008b003a005fa89700efa897007fa99700b2
:101ee0008fb1970090af9f00a1af9f00b2af9f004e
:101ef000c3af9f001100200091a79f006a00370028
:101f000091032000810f5000030034000050a00016
:101f10009dfa2f00808646007000200001002000fe
:101f20006011b8005faa9700efaa97007fab9700f7
:101f30008fb397000020e10001a8e10002b0e100aa
:101f400003b8e1000c003c007fa397008fab970023
:101f50004438dd00cc30de00810070004430dd000c
:101f60004feade000081460081014a00f2a79f008f
:101f700083af9f003f003700d00020000100200009
:101f80006011b8005faa9700efaa97007fab970097
:101f90008fb397000020e10001a8e10002b0e1004a
:101fa00003b8e1001d003c006022b80006002000dc
:101fb00007fb23005f989700ef9897007f999700a1
:101fc0008fa19700961407000002be000203be0016
:101fd000d49f9f00e59f9f00f69f9f0087a79f00cb
:101fe0006168b900421307005f9a9700ef9a970063
:101ff0007f9b97008fa39700891407000002be0003
:102000000203be000800be000a01be008a130700da
:102010000004be000205be00160037000d00e000ff
:1020200014003200af9a97000500e00011003a005a
:102030006022b8000600200007fe23005f9897008a
:10204000ef9897007f9997008fa19700741407006d
:102050000002be000203be000800be000a01be006e
:10206000751307000004be000205be001600200024
:10207000a69f9f005fa89700efa897007fa99700f1
:102080008fb1970061004000e08048006001490086
:10209000e0814900d0af9f00e1af9f00f2af9f0009
:1020a00083b79f001e002000fc0890003c109000a9
:1020b000808f5000030031003180fb00710e9800ca
:1020c000020037000c0078006b0707000dfd2f00a1
:1020d00080864600e98f560078ff36008000780041
:1020e0000150a0001106b100e58f500073ff3600cb
:1020f000e1022000810f500073ff32000100370021
:10210000e00220000e00e0001e003a003c109000ab
:102110000000e00003003200fc0890008100e900ac
:10212000710e9800bf9897000100e0000e00320089
:102130000000e00003003200fc0890008100e9008c
:10214000710e98001fa197000200e0000a00320003
:102150000000e000080032007c0890000000e90068
:10216000700e9800040037006022b8006033b80099
:102170000c0078001b070700afa197006118b90099
:10218000510037001fa297000400e00016003a003b
:102190005faa9700efaa97007fab97008fb39700d5
:1021a00094af9f00a5af9f00b6af9f00c7af9f0041
:1021b000110037007fa197008fa997004418dd0018
:1021c000cc10de00810070004410dd00f0a79f00fd
:1021d00081af9f0061024200e0824a0060034b0031
:1021e000e0834b00050037005faa9700efaa970035
:1021f0007fab97008fb397008006780070002000b7
:10220000010020006011b8000020e10001a8e100f9
:1022100002b0e10003b8e100e6ff34000d007800f1
:102220000050a00001072000810f500015003a0067
:10223000bf9897000c00780001fe07006022b800ec
:1022400006002000070028000400e1000588e100e6
:102250000690e1000798e10014003a00bf9997004a
:102260000300e00007003a006022b8006033b800c5
:102270000c007800db0607006000b8006011b800b1
:102280003c0137003c1290006000b8006011b800bb
:102290000400e000050032007c0890000000e90026
:1022a000700e98006000b8006011b8007fa297001f
:1022b0008faa9700e00f5200e08f5a0007003a0003
:1022c000afa297006128b9008c1207006011b80016
:1022d000f41407003b120700260137001faa9700dd
:1022e000afaa97003fab9700cfab970068025200b0
:1022f000e0825a0060035b00e0835b002c0020005a
:102300000402d0008582d2000683d2008783d200e7
:102310000c06e900faff3a000402400085824800fa
:102320000603490087834900d4af9f00e5af9f00b3
:10233000f6af9f0087b79f00cf9a97000500ea008d
:10234000cf80de006109b9005faa9700efaa97006d
:102350007fab97008fb397000020e10001a8e10058
:1023600002b0e10003b8e1000f00340020022000b9
:10237000206a8800afa297006128b9005c120700ac
:10238000f4ff2f00f5ff2f00f6ff2f00f7fe2700c8
:10239000a3130700f4ff2f00f5ff2f00f6ff2f0017
:1023a000f7fe27001a0037004f9b970067f92f00b0
:1023b00007004300cf80de006109b9005faa9700e3
:1023c000efaa97007fab97008fb397000020e10042
:1023d00001a8e10002b0e10003b8e10039003d00ce
:1023e00020022000206a8800afa297006128b9006f
:1023f0003f1207006022b8000600200007012000fd
:10240000871307006022b8000600200007012000a3
:1024100083130700d70037006022b80006002000b1
:1024200007fe23000800be000a01be00cc11070011
:102430000c0646008d864e000000e0000d003500c1
:1024400061064600e0864e006022b80006002000cb
:1024500007ff23000800be000a01be00701207003b
:102460000002be000203be000800be000a01be005a
:10247000040037000802be000a03be000800be00c8
:102480000a01be006c1207000004be000205be0077
:102490005fa89700efa897007fa997008fb19700da
:1024a00061005000e080580060015900e08159004f
:1024b000d0af9f00e1af9f00f2af9f0083b79f00b6
:1024c000020037007fa697008fae9700e00f5600fe
:1024d000e08f5e00d0ff3d00fca79f008daf9f0006
:1024e0003fa29700cfa2de00612bb90094af9f00fe
:1024f000a5af9f00b6af9f00c7af9f0000022000ae
:10250000010020006011b800cf9a97004faede00a6
:10251000050250008c8258000c0359008c8359002e
:10252000d49f9f00e59f9f00f69f9f0087a79f0075
:102530005fa89700efa897007fa997008fb1970039
:102540000000420081804a0002014b0083814b0061
:10255000d0b79f00e1b79f00f2b79f0083bf9f00f5
:102560001faa9700afaa97003fab9700cfab970089
:102570000020e10001a8e10002b0e10003b8e100a1
:1025800006003400dfaa97004f9b97000680520098
:102590000002b000b0a79f000b0033006000b8003d
:1025a0006011b80090af9f00a1af9f00b2af9f0035
:1025b000c3af9f0040032000bfa09700808f500052
:1025c00038003c00020037000001eb00b2a79f007a
:1025d00042052000bfa19700030151000000200028
:1025e00001f82300691907000006be002fa297001a
:1025f0006120b900be1107000002be000203be0048
:102600000c00be0094b79f00a5b79f00b2b79f0013
:10261000c7b79f006b1107001fb29700afb29700ba
:102620003fb39700cfb39700201707000002be000a
:102630000203be0094af9f00a5af9f00b6af9f00fe
:10264000c7af9f00bfa29700ff8f520015003c004c
:102650006022b8006033b8000800be000a01be0066
:10266000531107000000e0000e0032006000b800c7
:102670007fa3970061006300e00f5000e08f5800d7
:1026800008003a007fa697008fae970061064600cb
:10269000e0864e00fca79f008daf9f006044b8000d
:1026a0006055b800afa697006168b90090110700a7
:1026b0000002be000203be00b4a79f00c5a79f0092
:1026c000d6a79f00e7a79f000802be000a03be002e
:1026d000d31207000004be000205be007fa09700d1
:1026e0008fa89700881107000002be000203be00f9
:1026f0003fa09700cfa097005fa19700efa19700a0
:10270000c71207000002be000203be001fa8970008
:10271000afa897003fa99700cfa99700c61107005f
:102720000802be000a03be00c31107001faa9700db
:10273000afaa97003fab9700cfab9700b811070047
:102740000004be000205be006022b8006033b8007d
:10275000171107000000e00002003a0020022000ec
:10276000206a88005faa97000800be000a01be0028
:10277000301907004f0778004f06be004f05be0016
:102780004f04be000f04b10000000600cf23b000cc
:10279000889fbe008a9fbe008c9fbe008e1f78005f
:1027a0000004780001007800b2a79f00e39f9f001b
:1027b00094af9f00850578008006eb000a00370083
:1027c000f808900038109000808f5000030031000e
:1027d0003180fb00710c980002003700080078007f
:1027e000a50507001d00200001032000810f5000f7
:1027f000f3ff32000006eb006022b8006033b8003f
:1028000094b79f00a5b79f00b6b79f00c7b79f00ba
:10281000e1022000810f50002a003a00f8089000e1
:1028200038109000808f5000090031003180fb008b
:10283000710c98006022b8006033b80094b79f0014
:10284000a5b79f00b6b79f00c7b79f001900370014
:102850000800780088050700f6ff37001fb09700d2
:10286000afb097003fb19700cfb197006100500023
:10287000e080580060015900e081590090b79f0046
:10288000a1b79f00b2b79f00c3b79f00f8089000a0
:1028900038109000808f5000030031003180fb0021
:1028a000710c9800020037000800780072050700dc
:1028b0001d00200001032000810f5000e7ff3200bf
:1028c0001c0020006011b800c29f9d00d39f9d0096
:1028d0008004eb006022b8006033b800d4af9f00e2
:1028e000e5af9f00f6af9f0087b79f00090778000c
:1028f0000905780052003700810f50000c003a00a3
:102900000c00e00058003a005fa89700efa897007d
:102910007fa997008fb1970090b79f00a1b79f0044
:10292000b2b79f00c3b79f001c0020003b003700d8
:10293000010320005faa9700efaa97007fab9700e2
:102940008fb3970061024200e0824a0060034b00af
:10295000e0834b00d4af9f00e5af9f00f6af9f0030
:1029600087b79f00c3072000830f570023003c0058
:10297000810f500001003200dfac9700c276dd000d
:102980000a00e0001100320085db2f008f82420038
:102990008d8642006102b9000403b1000580b100d8
:1029a000a2002000030020001d00be00d4b79f003d
:1029b000e5b79f00141107005fb29700efb29700d0
:1029c000801e420081964a000500370086db2f00fa
:1029d0000f0343008d064300cf91de00828ebe00c0
:1029e0000a05e8001d002000e90f55000b003a0021
:1029f0000d0747000005eb0008003700810f50006d
:102a0000060032004f909700df9097000000a00072
:102a1000c0979f00d1979f00c9452000f8089000fb
:102a200038109000808f5000030031003180fb008f
:102a3000710c980002003700080078000e050700ae
:102a400002fd2f0000014100e1022000e90f5100ca
:102a5000a9ff3600810f5000a9ff32000c00e000f2
:102a6000030032000a003700e002200008003700af
:102a70005faa9700efaa97007fab97008fb39700ec
:102a800094b79f00a5b79f00b6b79f00c7b79f0038
:102a90000d00e00029003200000178000250a00083
:102aa00051062000810f510024003a008b0078006d
:102ab00008007800e2fb07006022b8000600200052
:102ac000070028000400e1000588e1000690e1000d
:102ad0000798e1000c003a000b00e00023003200f0
:102ae000381290006000b8006011b8000400e000e7
:102af00005003200780890000000e900700c980092
:102b00006000b8006011b8001fb29700afb2970024
:102b10003fb39700cfb397000002420081824a0082
:102b200002034b0083834b0094b79f00a5b79f001f
:102b3000b6b79f00c7b79f00130037000000e00042
:102b400006003500381090000000e000030032005d
:102b5000780890000000e900700c98000d00e0007b
:102b600009003a0060012000206a88006022b80055
:102b70006033b800080078009a0407006000b800cd
:102b80006011b800780337004f9e9500df9e9500d6
:102b9000e00f5600e08f5e0007003a009faa970002
:102ba0006128b900551007006011b800bd12070078
:102bb000041007006c0337001fb09700afb09700f8
:102bc0003fb19700cfb197005faa9700efaa970097
:102bd0007fab97008fb397000400e1000588e10008
:102be0000690e1000798e10020003a0090002000e4
:102bf000010020006011b8001fb29700afb297002b
:102c00003fb39700cfb397000020e10001a8e10097
:102c100002b0e10003b8e10014003c00bfa297003d
:102c2000fe8f52000a003c000c00be000503780035
:102c30000603e900030033008100d1000080d300c7
:102c4000fbff3700e00f5000e08f580007003a000c
:102c50009fab97006138b900251007000004be0043
:102c60000205be000c00be006000370022002000fc
:102c70006f9e9700110009000206d8000000ea00cc
:102c8000cf80de006109b9001fb29700afb2970094
:102c90003fb39700cfb397000020e10001a8e10007
:102ca00002b0e10003b8e1000f0034002002200070
:102cb000206a88009faa97006128b9000c100700bd
:102cc000f4ff2f00f5ff2f00f6ff2f00f7fe27007f
:102cd00053110700f4ff2f00f5ff2f00f6ff2f0020
:102ce000f7fe27008e0037006f9b970067f92f00d3
:102cf00007004300cf80de006109b9001fb29700d2
:102d0000afb297003fb39700cfb397000020e10028
:102d100001a8e10002b0e10003b8e1000d003d00b0
:102d200020022000206a88009faa97006128b9002d
:102d3000ef0f07006022b800060020000701200006
:102d4000371107006022b8000600200007012000ac
:102d5000730037000a00e0000e0032000a0037005e
:102d60004274dd0086db2f000f034300080443009c
:102d7000a2002000030020001800be00221007005f
:102d8000008cbe000a05e800e80f5500f4ff34008f
:102d90000e07e8009fb39700e88f540002003c0044
:102da000878f5400050034004270dd008cdb2f005b
:102db0000f064600000046005c0037009fb69700f3
:102dc000f18f5600f8ff3c00e98f560009003a00e9
:102dd0001fa997006110b900c50f07000004be00cd
:102de0000205be004f989500df989500c60f0700ba
:102df000470037009fb19700e88f51001c003c004e
:102e00001faa97006120b900b90f07000004be0097
:102e10000205be004f989500df989500ba0f070095
:102e20000002be000203be000800be000a01be0090
:102e3000fb1007000004be000205be009fb2970011
:102e4000688012004200dd0061cc2000008040005c
:102e50001000be00a60f07000002be000203be0065
:102e60000800be000a01be003e100700be02370087
:102e70003fa397007b004300d2ff2f009fb3970032
:102e800002b9b90002014000fe0f51000a003c00e7
:102e90004f989500df9895000201e9000300330088
:102ea0008100d1000080d300fbff3700e00f50000d
:102eb000e08f5800bcff3a001fae97006160b90078
:102ec0008b0f07000004be000205be004f9895005e
:102ed000df9895008c0f07000002be000203be00c1
:102ee0000800be000a01be00cd1007000004be00ad
:102ef0000205be009fb697006a8056004200dd00c2
:102f000061cc2000008040001000be00780f070058
:102f10000002be000203be000800be000a01be009f
:102f2000bf100700900237000e07e9004001be0005
:102f3000e00f5100e08f5900fbff320094002000a9
:102f40009fb09700110009008400d80001027800aa
:102f50000001eb00d2af9f000400e00052003200fd
:102f60009fb197000300e00001003d0069024200ac
:102f7000680012004200dd0061cc200000804000ab
:102f80001005be0046db2f000f0343006044b8006d
:102f90008002eb00d5af9f00c4a79f000800be00d1
:102fa00085047800060478000002be002d0037007a
:102fb0005806be000a01be000c00be00d4b79f0038
:102fc000e5b79f007d0f07005fb29700efb2970053
:102fd0000403400085834800068cbe000a01be0041
:102fe00000a02c00a1b92300f6b79f0087bf9f0067
:102ff000e00e07000002be000a01be000c00be0089
:10300000d4b79f00e5b79f007c0f07000001be000a
:103010005fb29700efb297000400be007a0f07007e
:103020000002be000900e8007fb397008fbb970045
:103030005fae97008c8f540009003a00e00f5300f8
:10304000e08f5b0006003a0080067800fd07b200c2
:10305000ddaf9f009fb09700e980500091b79f00bf
:10306000800478008e8f5400d1ff3a000404be0023
:103070004fa29700e00f5400e08f5c000600320082
:103080004270dd0082db2f000f0141000000410093
:103090000888be000e07e800690212009fb1970081
:1030a0008481410093b79f000002eb00c4a79f00fa
:1030b000dfae97006c003700cfa29700fd82520070
:1030c000c5a79f000e06e900fc07b2006033b800f8
:1030d000d6af9f00e7af9f004260dd0087db2f0087
:1030e0008f83430080834300d7a79f001704be004f
:1030f0006055b800cd55dd004348de008b057000fb
:103100004d4ddd004340de000a057000cd44dd007a
:103110000004eb005fa99700efa9970008044100a5
:103120008984490060054d00e0854d0004a02c0015
:10313000a5b923006033b8000440e10005c8e100f0
:1031400006d0e10007d8e1000e0036000800be00fe
:103150000a01be00a1120700d0af9f00e1af9f009f
:1031600004a02c00a5b923006033b8000800be00fd
:103170000a01be00a0120700dfa39700808bbe00eb
:10318000050037005fa097000888be006011b800f6
:10319000d2af9f00e3af9f000e00e900f007b2003e
:1031a000800f56000b003a008d0f56000e003200c3
:1031b0004260dd0083db2f008f81410000804100f1
:1031c0001000be00e00f5000e08f5800ed0132000b
:1031d000020037008d0f5600030032000c06e90094
:1031e000fc07b200bcff37005faa9700efaa970068
:1031f000e00f5200e08f5a001b0032009fb2970090
:10320000e982420095b79f008d06e900fd07b200f4
:103210008e8f56000d003a000d07e900fe07b20040
:103220000e00e900f007b2004200dd0086db2f004f
:103230000f03430000004300c270dd008100430023
:103240001001be0031187100219071004268dd004c
:1032500083db2f008f814100008041005faa97002f
:10326000efaa97000488be009fb29700f18f52002a
:1032700091ff3400f28f520009003a004269dd00ec
:1032800086db2f000f03430002014300e005270007
:1032900091082000b20f1000a28f180086ff3600a0
:1032a0008d03780022ce20000000eb008700400054
:1032b000f107b2008e8f50000d003200c208dd0011
:1032c00083db2f008f814100818041001104be000b
:1032d0005202be00840f5400858f5c000400390048
:1032e0000d003e000000e800e20f5000efff3a0042
:1032f0001fb29700f20f520007003a00d7af9f00ad
:103300006044b8006055b8008006eb000800be00bd
:103310000a01be0067003700990020009fb29700a5
:10332000fb8f520001003c00190020004fa39700c2
:1033300009034300c6a79f00100020000900dd001c
:103340000000e9006101b900d2a79f00e3a79f0038
:103350000aa02c00abb92300890178008301e900a1
:10336000030033008b85d1000a85d300fbff3700b3
:10337000070478006000b800d0af9f00e1af9f0065
:103380000a02be001fb59700870578002d003700a0
:10339000c240dd0086db2f000f03430081004300a5
:1033a0001101be000203be00090678000c06e90008
:1033b000030033008703d1000683d300fbff3700ef
:1033c0005fae9700efae97000603460087834e007e
:1033d0008688be006fa0970083066000dfa097007c
:1033e000028660000401be000c00be00d4b79f003e
:1033f000e5b79f00f6b79f0087bf9f00820e0700ca
:10340000d0af9f00e1af9f000800e8005fb29700d7
:10341000efb297007fb397008fbb97008b0f5400dc
:1034200006003a00e00f5300e08f5b0003003a0013
:1034300080057800fb07b20069055500000478009c
:10344000f807b2008e0f5400d1ff3a008b037800ca
:103450009ab79f005fa89700efa89700e00f500071
:10346000e08f58008fff32000e01e800f207b20033
:10347000870f5100070032004277dd0083db2f0009
:103480008f8141000e874100008fbe000207780047
:1034900084ff37000e00e900f007b2004200dd00b3
:1034a00084db2f000f024200000042001000a00049
:1034b0007cff3700dfaa970005864600fc07b200b4
:1034c0008e0f560009003a000e07e800fe07b20012
:1034d0000e02e9004222dd0086db2f000f034300cd
:1034e00004024300000aeb00341278006022b800a6
:1034f00056d62c00d71c2400490f07000004be003c
:103500000205be004266dd0087db2f008f8343008b
:103510000c8643001c00be00fb0d07000002be002d
:103520000203be000800be000a01be00420e0700f2
:103530008d06e800e28f5600deff3a000004be0070
:103540000205be001fae97006160b900e80d0700dc
:103550000002be000203be000800be000a01be0059
:103560002f0f07000002be000203be00d4a79f0079
:10357000e5a79f00f6a79f0087af9f00cfa2970007
:103580005503b000c59f9f006f9b970006835200b4
:10359000d69f9f00bfa39700868f5300060034007c
:1035a0000600e0000b003500060678001d00200034
:1035b0009db79f00030037003fa697000000eb0077
:1035c00090b79f0040032000800f560037003c005a
:1035d000030037001100200091b79f000006eb00a8
:1035e000920620000c0151000000200001f8230089
:1035f00066150700730d07005fa29700efa2970002
:103600007fa397008fab9700281307000002be002e
:103610000203be00f49f9f0085a79f0096a79f000e
:10362000a7a79f00520320000c01510000002000ba
:1036300001f8230055150700620d07000002be00c7
:103640000203be005fa09700efa097007fa1970044
:103650008fa99700b71307000004be000205be0043
:103660000002be000203be005fa09700efa097001b
:103670007fa197008fa99700e90d07007f9a970017
:103680008fa297001fa39700afa39700ea0d070032
:103690000002be000203be00d4a79f00e5a79f0062
:1036a000f6a79f0087af9f00080037006000b800b2
:1036b0006011b800f09f9f0081a79f0092a79f0014
:1036c000a3a79f000004be000205be00dfa897006c
:1036d0000180e800f007b2008e0f50004e0032006b
:1036e0004200dd0082db2f000f014100000041009d
:1036f0001001be00f04f2600d1dc2100800f5100e8
:10370000818f59000e003e00e00f5100e08f5900fc
:1037100005003a00dfa9970063804100f007b2007e
:103720008e0f5000250032001faa97006120b900bb
:10373000720d07000200200003e823001600370086
:1037400000502600d1dc2100800f5100818f5900ec
:10375000030032009faa97006128b9000b003700d0
:103760005fab970063014300f207b2009fab970085
:103770006138b9008e0f510004003a005f0d070058
:103780000200200003f02300030037005b0d070058
:103790000200200003f42300c20f0700090d0700f8
:1037a0000002be000203be000800be000a01be0007
:1037b000a10d07000004be000205be00500320005a
:1037c0000c005000e10f5000130034006022b800dc
:1037d0000600200007ff23000800be000a01be000b
:1037e000541307006022b8006033b800f00c0700e3
:1037f0000000e00008003a006022b8000600200047
:1038000007ff23000800be000a01be008a0d070062
:103810000004be000205be003fa09700e3061000b2
:10382000ef989700818656000802be000a03be008a
:103830005fa09700efa097007fa197008fa9970046
:103840007d0d07007f9a97008fa297001fa3970016
:10385000afa39700720d07000002be000203be0076
:1038600094af9f00a5af9f00b6af9f00c7af9f006a
:1038700064805600cf98970001f0a100810f50009e
:1038800033003c000400be00a21207006022b80012
:103890000600200007342400b10c07000000e000ff
:1038a0001b0035009fb297000500e00007003200c2
:1038b0005f9b970006066e000cf0a7000c06ea005e
:1038c0000c06ea004f66de009cb79f006022b8003d
:1038d0000600200007fe23001fa89700afa897004e
:1038e0003fa99700cfa997004d0e07000002be0028
:1038f0000203be0094af9f00a5af9f00b6af9f002c
:10390000c7af9f00cfa297008502e800c5a79f0020
:103910004fa097004003b0008d0f50000a003d00fb
:103920001fb397000600e000090032006022b800d3
:103930006033b8000800be000a01be009c0c0700fe
:103940000000e0000200320020022000206a88000f
:103950004fa297001fa89700afa897003fa9970014
:10396000cfa99700b31407004f0778004f06be0099
:103970004f05be004f04be00ef1fb100ef03b100c2
:10398000000006000c07780014fe3700e4874700ab
:10399000889fbe008a9fbe008c9fbe008e1f78004d
:1039a00000047800020778000100e000fa0035000a
:1039b000bbf62f008a012000e18f50000400340084
:1039c000e28f5000f4003a00ebbc2f005a032000b5
:1039d00078089000b8109000810f5000030031006b
:1039e000b084fb00700c98000300370008007800da
:1039f00021010700800478000900780006f807001c
:103a00000000e000f2ff3a00b0022000808f540076
:103a1000060032001c002000d0022000808f5400dd
:103a20000e003a002c002000010037000006eb00d9
:103a30006106160078089000b8109000810f5000c1
:103a400003003100b084fb00700c980003003700c5
:103a500008007800080107008004780071cb20007e
:103a60008006eb0011003700e78f56000c00320093
:103a70007808900038119000820f50000300310048
:103a8000b084fb00700c9800050037000800780037
:103a900081bf9f00f8000700800478008fb897006e
:103aa0008d06e800e88f56001f00320009017800fb
:103ab0000250a0005100fb00800f5100eaff3200cd
:103ac0000d007800e38f560006003200e88f5600a4
:103ad00015003200e38f5600190036000e00e0009a
:103ae000bd003200b81090000100e0000300320079
:103af000780990000201e900720c98000e00e000c5
:103b000009003200060037000100e0000300320027
:103b1000780990000201e900720c98000000e900a9
:103b2000e30f5000f8ff3a00e10f46009d003a0015
:103b30006000b8000200200003ff2f00a000370043
:103b400001cc20000d00e00012003200a20037007e
:103b5000e28f56000c003200780890003811900077
:103b6000820f500003003100b084fb00700c9800fd
:103b7000050037000800780081bf9f00be000700e5
:103b8000800478008fb897008d06e800e38f560018
:103b900006003200090178000250a0005100fb002d
:103ba000800f5100eaff32008b003700f8089000c8
:103bb00038109000808f50000700310080c2b300a1
:103bc000314068000080fb000000ea004f00de008a
:103bd000710c98000700370008007800a600070065
:103be0008082b20000f0a7000000ea000000ea00b6
:103bf0004f00de00190020000004e0000700320042
:103c0000381090000000e0006a0032007808900050
:103c10000000e900700c980066003700f80890007a
:103c200038109000808f5000030031003180fb007d
:103c3000710c980002003700080078008e00070021
:103c400001fd2f0080804000e98f50000b003600fe
:103c5000f1fb2f0080804000f98f500007003600f4
:103c6000f1f92f0080804000f98f500003003600ea
:103c7000f1052000810f500002003a008904e8009d
:103c8000e6ff370091022000810f5000490032000a
:103c9000381090000000e00003003200f8089000a7
:103ca0008100e900710c98000e00e00007003a0066
:103cb0000f0037000000e00003003200f808900019
:103cc0008100e900710c98008904e9000900e00016
:103cd000f8ff3a0037003700381090000000e0008d
:103ce00003003200780890000000e900700c980092
:103cf00060012000206a88006022b8006033b800ac
:103d00000800780037000700230037000003200078
:103d1000808f54001a003a00f80890003810900084
:103d2000808f5000030031003180fb00710c98003f
:103d300002003700080078004f0007000050a00084
:103d400081072000810f500007003a000e02780022
:103d50008c0178000b0178008a0078000800780058
:103d6000f1f7070016003700381090000000e0005f
:103d700003003200780890000000e900700c980001
:103d80008e0278000c0278000a01be000800be0016
:103d90007efa07000a0037006000b8006011b80022
:103da000070037006000b8000200200003ff270072
:103db000030037006000b8000200200083ff2700e6
:103dc0004f0778004f06be004f05be004f04be00ef
:103dd0004f00b100000006000d00e000beff3a00f9
:103de000caff3700889fbe008a9fbe00441098001b
:103df000551098006610980077109800f008900011
:103e00002004900001045400cfc4de00614db900cd
:103e100008189800191898002a1898003b1898005c
:103e2000e00f5200e08f5a00e00f5b00e08f5b0074
:103e30000c0032000014900001045400cfc4de00d6
:103e4000614db9000440e10005c8e10006d0e10081
:103e500007d8e100030034000482400034109800c9
:103e60000200370080109000311098004f05be000e
:103e70004f04be00000006002800fa00889fbe0024
:103e80008a1f780000047800f8089000280090004d
:103e900000805000081a9000981a9000281b90008b
:103ea000b81b9000cf80de000402400085824800ed
:103eb000068348008783480048109000d81090007f
:103ec00068119000f8119000e00f5000e08f58004a
:103ed000e00f5900e08f5900050032000020e1009a
:103ee00001a8e10002b0e10003b8e1000d003d00cf
:103ef00008007800d4b79f00e5b79f00f6b79f0091
:103f000087bf9f001f030700800478005fb29700ff
:103f1000efb297007fb397008fbb97000900e000d6
:103f200016003d0078089000a800900080805000a6
:103f30004f89de00048240008502490006034900e3
:103f400087034900041c9800151c9800261c980043
:103f5000371c980030149800f0ff2f00f1ff2f005d
:103f60000001be004014980051149800621498009b
:103f7000731498008084eb00520037006100420007
:103f8000e0804a0060014b00e0814b0090bf9f0041
:103f9000a1bf9f00b2bf9f00c3bf9f004812900007
:103fa000d812900068139000f813900094b79f0007
:103fb000a5b79f00b6b79f00c7b79f00e00f52009c
:103fc000e08f5a00e00f5b00e08f5b0028003200ba
:103fd000780d9000081190000a0151006112b9009b
:103fe000612bb900d4af9f00e5af9f00f6af9f00f3
:103ff00087b79f001fb09700afb097003fb1970001
:10400000cfb197001fba9700afba97003fbb970098
:10401000cfbb97000400500085805800060159006e
:104020008781590090af9f00a1af9f00b2af9f0062
:10403000c3af9f005faa9700efaa97007fab9700de
:104040008fb397000020e10001a8e10002b0e10079
:1040500003b8e100060034009fb297001fbb970031
:10406000068152008200450031149800020037009a
:10407000881390003714980028019000f8089000e9
:10408000810151001fba9700afba97003fbb97005c
:10409000cfbb97004f98de000482410085024800a4
:1040a0000603480087034800041c9800151c98006c
:1040b000261c9800371c9800828f500001003e009b
:1040c000f9f89f00090078004f0578004f04be0002
:1040d0000080fa00000006000200fa00881f780045
:1040e00000047800e2bf9f00648157000800780058
:1040f00084020700980090000148a30001003200ec
:104100000080eb004f0478000080fa0000000600f9
:10411000881f78000004780000082000808f50007d
:104120001700350010082000808f50000b0034006d
:1041300030082000808f500011003a009200780073
:1041400068805000000978003002be002003be00e5
:10415000049cbe000694be0007003700920278005f
:1041600064805200000978001000be00950a070024
:10417000009cbe000294be00100020000100370029
:104180000000eb004f0478000000060084082000c7
:10419000848f50001d0032000d003c0014082000e8
:1041a000848f50002700320002003c0004082000e9
:1041b0000400370024082000848f500034003200af
:1041c00044082000848f500043003a003600370036
:1041d000040a2000848f50002700320004003c00b5
:1041e00004092000848f50003b003a00280037006b
:1041f000020c2000828f50002f003200020f20009e
:10420000828f500034003a002b0037009380e90081
:104210000200e00005003200810978001102fb0075
:10422000cfa2de00612bb900280037008109780099
:10423000114278000482fb008002eb006033b8007a
:104240002200370013027800e40052000200e00070
:1042500005003200810978001102be004fabde007c
:104260008603780019003700810978001102be002a
:104270006033b800150037009380e90081097800a9
:1042800011027800cfa2de00612bb9000f003700c9
:1042900093027800e8805200810978003102be0064
:1042a0002103be00090037009380e9000200e0000e
:1042b00002003200f1ff37009380e90081097800a5
:1042c000110278008002eb006033b8000498be0051
:1042d0000690be0010000500000005004408200004
:1042e000848f50002500320008003c001408200094
:1042f000848f50001400320024082000848f500066
:1043000024003200040820000c00370004092000bb
:10431000848f50001f00320004003c0084082000fd
:10432000848f500024003a000e003700040a200059
:10433000848f500011003200040c2000848f500044
:104340001d003a000d0037009380e90081097800d4
:104350009100780001087800cf91de008288be00cd
:10436000140037009380e9008109780091007800fb
:1043700001087800824878000e0037009380e90039
:10438000810978009100780001087800820878009f
:10439000080037009380e9008109780091007800d7
:1043a000010878006112b900612bb9008498be0041
:1043b0008690be001000050000000500889fbe002a
:1043c000000478004800900082047800808f540038
:1043d0000100360080047800090178005800900040
:1043e000fd010700580090000900400050049800ab
:1043f000c800900089845000490498000048eb00f0
:104400004f04be0000000600f2874700889fbe00f0
:104410008a9fbe008c9fbe008e1f780080047800ab
:1044200001057800020478008305780061076200c6
:1044300002003a008b0f5400080039000801780090
:104440008a00780009007800dcff07008b0f540019
:1044500002003900880578001e00370008865500e4
:104460000c017800f00f5600010036000201200018
:10447000010220007e805700a1f407008c0678001e
:104480000500370002012000fe8057000900780077
:10449000caff0700f0865600ef8f5600f9ff3e0076
:1044a0004461de0000ff2f000091b90002014600c8
:1044b000fe80570009007800c0ff07000e00e000f2
:1044c00004003a00080178008a00780009007800aa
:1044d000baff07000b0078004f0778004f06be00b8
:1044e0004f05be004f04be002f01b10000000600c2
:1044f0000000050000000500000005000001780034
:104500000040eb008080fb008180400063cf2000f2
:1045100063c278000404e00003003a0070cf20007a
:1045200060c078000000060092017800934f5200ae
:1045300004003a0070cf200060c078000309e80052
:10454000010037000040e800ea4f5000edff360060
:1045500000000600f6874700889fbe008a9fbe00c5
:104560008c9fbe008e1f7800000578000104780043
:1045700083057800040678000000eb00c0b79f00b8
:104580008080eb00d1b79f00e0b79f00f2b79f009b
:104590000008200080bf9f0098007800010078008c
:1045a0008004eb00010037008904e8003041780006
:1045b0000204e0000300320053c2b300834f5100f5
:1045c000f9ff3a000900e000040032000901780018
:1045d0000a00780079ff0700188c4400180778005b
:1045e00050c2b3009e4f10003f013a000e07e80092
:1045f0000e0c780010003700cfb097000100a0002b
:104600000b003700cfb097000110a0000800370062
:10461000cfb097000120a00005003700cfb0970071
:104620000130a00002003700cfb097000140a00089
:10463000c1b79f00000ce800180078009040780097
:10464000b2c2b30082cf5000f1ff320007003c003d
:1046500002c2b30082cf5000f0ff320032c2b3007a
:1046600082cf500007003a00efff3700d2c2b300fc
:1046700082cf5000e0ff320002c3b30082cf50006f
:10468000e0ff3200a2c2b30082cf50000d003a001a
:10469000000ce8001c80e900000e78001000780093
:1046a000e0b79f000000e0000f003d00cfb0970092
:1046b0000100a200c1b79f000000ea00e0b79f0020
:1046c0000900370078f30700e0b79f0001003700ca
:1046d000000ce800180078009000fb000103b10016
:1046e000e98f5000faff36004fb097000008a30092
:1046f000020032000010a100c0b79f00180078002f
:10470000e1c2b30090cf100016003a008000eb0029
:10471000d1b79f000000e800000c7800a1c2b300f0
:1047200090cf100006003a00000ce8001c80e90061
:10473000000e780010007800d0b79f000900370005
:1047400059f30700d0b79f0001003700000ce800c4
:10475000180078009000fb000103b100e98f5000c1
:10476000faff36000800780064ff070080467800f2
:10477000180078001000fb003601070091062000a9
:10478000810f50003800320012003c00410620002a
:10479000810f5000340032000a003c001106200056
:1047a000810f50002000320031062000810f5000a0
:1047b000a000320051022000810f5000bc003a00de
:1047c000b400370071062000810f5000b8003c0093
:1047d0008800370001072000810f50005c00320084
:1047e00007003c00e1062000810f50007a003200f3
:1047f000f1062000810f5000ad003a00390037006b
:1048000051072000810f500027003200810720004f
:10481000810f50004200320031072000810f50000c
:10482000a3003a008f0037008d80fb000c01780058
:1048300000fe2f000f00400035fe07000000e000e2
:10484000a800320018007800000ce80090417800c1
:1048500002fe2f000f014100f88057000a00780087
:10486000040107000e0037008d80fb008c017800ea
:104870001200200000fe2f000f00400043fe070042
:104880000000e00097003200180ce80002fe2f0044
:104890000f014100f88057000a00780097030700d5
:1048a00080844400900037008d80fb008c017800ec
:1048b0000001eb0000fe2f000f00400033fe070058
:1048c0000000e00087003200180ce80002fe2f0014
:1048d0000f014100f88057000a0078006e070700ba
:1048e000efff37008d80fb008c0178000001eb00aa
:1048f00000fe2f000f00400024fe07000000e00033
:1049000078003200180ce80002fe2f000f01410071
:10491000f88057000a007800ad060700e0ff370076
:104920008d80fb008c0178000001eb0000fe2f0061
:104930000f00400015fe07000000e0006900320093
:1049400018007800000ce800904178001c00370047
:104950008c0178000001eb00010f200000fe2f0009
:104960000f00400009fe07000000e0005d0032007b
:10497000180ce8000fb097009fb097002fb1970078
:10498000bfb19700e00f5000e08f5800e00f5900d2
:10499000e08f590009003a00cfb597006fb4970037
:1049a000e0ce2000930007000b0278008801780019
:1049b00000017800e1ce20004700370083c7b30034
:1049c00002fe2f000f014100f88057000a00780016
:1049d0005a070700b2ff37000b8144008d80fb00af
:1049e0008c01780000fe2f000f0040003bfe070006
:1049f0003c0037008d80fb000c01780000fe2f008a
:104a00000f004000c2fd07000000e000350032004a
:104a100018007800000ce8009041780002fe2f009a
:104a20000f014100f88057000a0078008d0307004d
:104a30009bff370000c8b30080cf560029003a0022
:104a4000180ce8001c80e900000e78001040780087
:104a5000e0df9f0013002000e2fd2f000f01410066
:104a60000800370000c8b30080cf56001d003a0090
:104a7000180ce8001c80e900000e78008001eb00b3
:104a800010017800f88057000a00780085060700ba
:104a900083ff370000c8b30080cf560011003a00f2
:104aa000180ce8004fb29700efb1970008003700ec
:104ab0000e0c78000000eb00c0b79f00e0b79f002d
:104ac0000080eb00d0b79f000002eb00840178006b
:104ad0001200200041cf20000a0078004afe0700a3
:104ae0006fff3700180ce800090078004f077800c6
:104af0004f06be004f05be004f04be006f01b1005f
:104b0000000006008200fa00889fbe008a1f78001d
:104b10000005780082047800c13f9f000004eb008c
:104b2000100037000902780088017800a2f72f00f2
:104b30000f01410081f72f008f8040000a007800ac
:104b400084fe070008004000880f500004003d006c
:104b5000b0042000206a88000084eb0004003700c5
:104b6000000478004f3897001004e000edff3a0091
:104b7000080078004f0578004f04be000080fa005e
:104b8000000006000200fa00889fbe0000047800c2
:104b9000080078008e0707008084eb000000e0002a
:104ba00009003a009811900012002000e68057009a
:104bb0000800780003000100e10f500002003a00f5
:104bc0002ff897008084fb00090078004f04be0096
:104bd0000080fa0000000600800178000200370023
:104be000b15978000201e9000200e000fcff3a0040
:104bf0000000060080007800040037003104e00067
:104c000002003a0000005100000006000101780097
:104c10000108a300f9ff3a00810178003101780012
:104c2000f4ef2f00020242000281ea00020162005a
:104c30000408280004016100f7ff320083007800b7
:104c4000010178003104e000fdff3a00000051004e
:104c500000000600f1fb2f0080804000f98f50001b
:104c600001003e000050a00000000600f9ff3700e0
:104c7000000006003e00fa00889fbe008a9fbe002a
:104c80008c9fbe00100798008346780011007800c2
:104c9000400f980091019000430798002102900076
:104ca000240f9800c1029000050f7800b100900019
:104cb000611f98003204be002205be00281f980024
:104cc000391f98004a1f98005b1f98006022b800a7
:104cd0006033b8000800be000a01be009b07070051
:104ce0000000e00009003d000800be000a01be000f
:104cf00003f0a200201f9800311f9800421f980067
:104d0000531f9800d0c2b30004003700ce089000b3
:104d10000128a30009003200b0c2b3006e19900050
:104d200000497800ae0990008301e900330f980034
:104d300014002000540f980010003700ce0a900095
:104d40000538a3000900320000c2b3006e1b9000ba
:104d5000004b7800ae0b90008703e900370f9800f6
:104d600018002000580f980004003700ae0c900087
:104d7000390f98000005eb005a0f98002e1890008c
:104d8000be1890004e199000de199000b8ff070081
:104d9000f4ff2f00f5ff2f00f6ff2f00f7ff27008d
:104da0000402600085826000060361008783610061
:104db0006000b8000200200003ff27000020e1008f
:104dc00001a8e10002b0e10003b8e1000c003a00e4
:104dd0008d06fb001d04b100ee1d9000de08900062
:104de0000180450041d22000f98f560001003600b5
:104df00081d220001b07070080d220002f0237003d
:104e00000020e10001a8e10002b0e10003b8e100e8
:104e10000c0036008d06fb001d04b1006e199000d9
:104e2000de09900003004100c1d22000f98f560036
:104e30000100360001d320000a07070000d320003c
:104e40001e02370000c3b3006e1a9000de0a900005
:104e500000f27a000500e800000142008d00fb002e
:104e6000f6fb2f00068340002607980081c7b30099
:104e7000f90f530001003e0081c5b30001497800dd
:104e80000000e800500f98006022b8006033b800be
:104e90002e189000be1890004e199000de19900058
:104ea0002a0707000000e0005e0032008003eb00ec
:104eb0006044b8000a0020000bff23006807980038
:104ec000790798000a0f98001b0f980007067800d2
:104ed000050037000c06e8006e0c9000fe0c9000f8
:104ee0000e1590009e1590000802be000a03be0039
:104ef0000800be000a01be00cf0707000002be0086
:104f00000203be00640f9800750f98000617980002
:104f1000171798002e189000be1890004e19900098
:104f2000de199000090707000000e000e9ff3d00de
:104f30006c0f98002a0037006022b800060020009d
:104f400007fe23000800be000a01be00b4080700e7
:104f50006022b8006033b800fc0607000000e000e3
:104f600016003a006022b800060020000735240031
:104f70000800be000a01be00a90807000004be0028
:104f80000205be006022b80006002000073524009c
:104f90002e189000be1890004e199000de19900057
:104fa0009f0807000002be000203be00241f9800f5
:104fb000351f9800461f9800571f98006022b800c0
:104fc0000600200007fe23000800be000a01be0004
:104fd000930807000004be000205be000c06e900ad
:104fe0000802be000a03be002e189000be189000f2
:104ff0004e199000de199000d40607000000e00072
:10500000cdff35000800be000a01be006007980011
:1050100071079800020f9800130f98006c0f98000a
:10502000090037008000eb00610f98006022b80093
:105030000600200007ff230064079800750798000a
:10504000060f9800170f9800ce02900080012000f4
:105050000500e000010035004e0090000000e8006f
:10506000300798006e049000fe0490000e0d900032
:105070009e0d900068179800791798000a1f9800f5
:105080001b1f98002e1c9000be1c90004e1d90000f
:10509000de1d90000006eb003a0037006e12900013
:1050a000fe1290000e1b90009e1b90000800be0098
:1050b0000a01be00ab070700a10c07000002be00fa
:1050c0000203be0024179800351798004617980071
:1050d00057179800da0607008002780055079800f5
:1050e0006e129000fe1290000e1b90009e1b90000e
:1050f0002e109000be1090004e119000de11900016
:10510000470807000002be000203be000800be0000
:105110000a01be00420707000004be000205be00ef
:105120006022b8000600200007fb23006e109000ec
:10513000fe1090000e1990009e199000380807008c
:105140000002be000203be006417980075179800a5
:10515000061f9800171f98000c06e800ce0290006a
:105160000500e00007003d006022b8006033b80091
:105170000800be000a01be00740607000000e0003f
:10518000040032003e039000860f5600c3ff350036
:10519000010037003c0798006022b800060020009c
:1051a000070224006e109000fe1090000e1990006f
:1051b0009e1990001a0807000002be000203be00fc
:1051c0006417980075179800061f9800171f98001d
:1051d0000800be000a01be005c0607000000e000f7
:1051e0000d0035006e129000fe1290000e1b900014
:1051f0009e1b90000800be000a01be005306070077
:105200000000e00011003a00de0290000508a30053
:10521000080032000d0037006044b8006055b80047
:1052200068179800791798000a1f98001b1f9800ac
:10523000060037006000b8006011b80060179800e1
:1052400071179800021f9800131f98006e129000ab
:10525000fe1290000e1b90009e1b90002e189000d6
:10526000be1890004e199000de199000f20607005b
:105270000002be000203be00641798007517980074
:10528000061f9800171f980079fe07000203be0052
:105290000002be00f0ff2f00f1ff2f00f2ff2f00f1
:1052a000f3ff2700000462008184620002056300ae
:1052b00083856300281f9800391f98004a1f9800b3
:1052c0005b1f98006000b8000200200003ff270069
:1052d0000040e10001c8e10002d0e10003d8e10094
:1052e000bbfe3200be0c90008984e900291f9800a3
:1052f0005e0e90008006eb005d0798002d17980069
:105300006f0037006e029000fe0290000e0b9000be
:105310009e0b90006e109000fe1090000e199000f1
:105320009e1990000f070700050c07000004be003f
:105330000205be0042060700800078000100e00080
:1053400006003a002e1090000000e000030032003a
:105350008d06e8003d0f9800330037005e01900095
:105360000200e0000c003a00ae1190000300e000e3
:1053700009003200e0c2b3006e1a900000727e0095
:105380000c06e800ae1a90008502e900251f98007f
:105390001600200056079800ee1b90000c81430079
:1053a0000d007800070278000300370003c3b30044
:1053b000035978000000e9000000e000fbff3a001c
:1053c000300f9800641f98000d064600e98f5000ca
:1053d00003003c00000320000100400002003700f1
:1053e0007005200001004000ae009000f98f5000d1
:1053f00006003e00800078000150a0001106b100b8
:10540000f98f500001003e009d0507006e199000c5
:1054100000717e000c06e8008d86ea00ae1990004f
:105420008d814100231f98006e029000fe029000c3
:105430000e0b90009e0b90000800be000a01be00fb
:10544000770707000002be000203be006e10900046
:10545000fe1090000e1990009e1990007006070033
:105460000002be000203be00641798007517980082
:10547000061f9800171f98006022b8000600200041
:1054800007fb23006e009000fe0090000e099000c4
:105490009e099000620707000004be000205be00de
:1054a00068079800790798000a0f98001b0f98006a
:1054b000ae1490008904e90029179800be0e9000f0
:1054c0002e1590000a00ea00be0590008b0f5000d8
:1054d00004003d009e00780065805000800f56005b
:1054e00088ff39005e0190000200e0001e003a00d3
:1054f0000d00e0007d003400ce0190000300e000cc
:105500007a0034004e0a90000408a30077003a00a5
:10551000ee1a90008c804200e0c2b3008048780010
:105520000d0078008501780002c3b300826878001e
:105530000000e900fcff3a00631f98000c8646005b
:105540000c06e8002e1b90000600e9000d0050003c
:10555000201f980004003700e0c2b300ee1b90004b
:1055600080737e000c06e8006e1c90000c00440066
:105570000048eb009e0478008900e9000041eb0040
:1055800002f478008001eb006e0d90000a00e0004c
:1055900003003d000a05ea006a0f9800130020008e
:1055a000120020006e0a9000810378002e1b9000ec
:1055b0006e1c900080067800090037008103780097
:1055c000a5002000110009000502d8000002be005d
:1055d0000543b00005f47b000201e9000603e90081
:1055e0008700e9000400e000f4ff3a00e10f5100f9
:1055f000f2ff3200261f9800681f98000d00780007
:1056000001024400b2c2b3000300e0000100320016
:10561000d2c2b300024a78000101e900ee199000fd
:105620008280410003c7b3002e029000f90f5200a0
:1056300001003e0003c5b30083487800820f560086
:1056400001003d0007050700ce0a9000638062005c
:10565000e20f500018003a002e1b90000684e9006b
:105660004240a900140034006e18900061fd07004c
:10567000800044008100e800ee1b90008180430020
:105680008701780002003700e36078000000e9003d
:10569000de0c9000890f5000fbff3d00631f980057
:1056a00009804100080178000103200014f0070080
:1056b0000005eb002a0f98006e1890004dfd0700c2
:1056c0004e0a9000ae09900000017800ee1890009c
:1056d0001e0090004cfb07004f06be004f05be00a9
:1056e0004f04be000080fa0000000600ce0d9000be
:1056f0000b48a30098ff3a009bff3700ec87470058
:10570000889fbe008a9fbe008c9fbe008e1f7800bf
:105710000006780001047800180790002805900022
:1057200098067800cdb79f00b80590003202be0001
:105730002203be000400be000601be004f18de00ba
:105740006011b8008000eb00d0b79f00e1b79f0068
:10575000f2b79f0083bf9f00800478000900e0003b
:10576000060032006000b8006011b800040250006a
:105770008582580006035900878359000e00e00017
:10578000020035000d10a100cdb79f000900e00018
:1057900005003a004fb097000028a30002003a002d
:1057a0000038a300020032008a00e900010037003f
:1057b0008a007800f8815700a200200008007800d5
:1057c000620307000900e00003003a00cfb0970031
:1057d0000128a300080032000000e9000081450014
:1057e000b1c2b3000900e00001003200d1c2b30031
:1057f00001497800050037000138a300030032009a
:105800000000e90001c2b3008175780048019000f2
:105810000201e90000015100808045004fb297006d
:105820008a0178000c007800f7fa07009c009000cd
:105830000188a3000400320098009000810f5000fe
:1058400001003d00010078004f0778004f06be00c0
:105850004f05be004f04be00cf00b100000006009f
:10586000000006004200fa00889fbe008a9fbe002a
:105870008c9fbe0020079800110f9800034f9800de
:1058800011007800400f980091009000610f98007f
:105890009e099000a3019000330f98001e0a90000b
:1058a00044029000140798009e0a9000b5029000f0
:1058b000052798003204be002205be006022b80011
:1058c0006033b8000800be000a01be009f04070054
:1058d0000000e00003003d000bf0a200d0c2b300c6
:1058e000040037004e0b90000628a3000900320088
:1058f000b0c2b3008e239000804b78003e08900029
:105900000000e900700f980011002000510f98006e
:10591000100037004e0990000238a3000900320041
:1059200000c2b3008e219000804978003e0a9000aa
:105930000402e900740f980015002000550f98002c
:10594000040037003e0b9000760f98008003eb00b8
:10595000570f98000800be000a01be00c0ff0700f4
:10596000f4ff2f00f5ff2f00f6ff2f00f7ff2700b1
:105970000402600085826000060361008783610085
:105980006000b8000200200003ff27000020e100b3
:1059900001a8e10002b0e10003b8e10011003a0003
:1059a0000e4890008000fb001104b1000e21900011
:1059b000de09900003004100f98f500002003e0014
:1059c00041d320000100370081d3200025040700c7
:1059d00080d3200087fc07005e0a9000040140008d
:1059e000150037000020e10001a8e10002b0e1004d
:1059f00003b8e100130036008e4a90008500fb00da
:105a00001104b1000e239000de0b9000070043004c
:105a1000f98f500002003e00c1d320000100370082
:105a200001d420000f04070000d4200071fc0700ff
:105a3000de089000010140004e0a9000be0990006f
:105a4000500237006022b8006033b8000800be0082
:105a50000a01be003d0407000000e0006a003200b9
:105a60006022b8000600200007ff230044179800ba
:105a70005517980066179800771798008006eb0076
:105a80000800be000a01be00001f9800111f980008
:105a9000221f9800331f98000e2690000700370041
:105aa0008d06e8000802be000a03be0044179800f5
:105ab0005517980066179800771798006022b8006d
:105ac00006002000470224004e109000de109000d7
:105ad0006e119000fe119000d10507000004be0079
:105ae0000205be000002be000203be000e189000b8
:105af0009e1890002e199000be1990001304070004
:105b00000000e000e6ff3d000c2798000006eb00d7
:105b10004e149000de1490006e159000fe1590005b
:105b20002500370040ed2f00808f560019003d0002
:105b30000c00e00016003a006022b80006002000c9
:105b4000073524000e1890009e1890002e19900022
:105b5000be199000b20507000002be000203be009d
:105b6000041f9800151f9800261f9800371f9800e3
:105b70006022b80006002000073524000800be009f
:105b80000a01be00a60507000004be000205be0013
:105b90001c0020006022b8000600200047022400fc
:105ba0000800be000a01be00ee0407000004be00ab
:105bb0000205be008d06e9000802be000a03be0011
:105bc0000e1890009e1890002e199000be1990009b
:105bd000de0307000000e000d2ff35000800be0031
:105be0000a01be00401798005117980062179800ec
:105bf000731798000e1c90009e1c90002e1d9000a4
:105c0000be1d9000080037006022b800060020008a
:105c100007ff23004417980055179800661798004f
:105c2000771798008006eb008e4a90000500fb0075
:105c300008fc0700104f98006e0b900060002000d9
:105c40000600e000010035006e08900071c6b30048
:105c50009e4b900081cf53000a003a00ee0890005e
:105c60000100e000cf013200cf0137008d0f50005e
:105c7000d3013c00001f980052c6b300425f980059
:105c80001e0037009e499000435f980002003700d5
:105c900064c6b300445f98000000e800001f98004d
:105ca00060c6b300ce5a900080cf520013003a0075
:105cb0000d00e00008003d006000b8000200200078
:105cc00003ff2300401798005117980062179800af
:105cd000731798008006eb0061c6b300415f98001f
:105ce00070c6b3001e499000804f5100030032007f
:105cf0008e1990008d814100031f98004e12900074
:105d0000de1290006e139000fe139000441f980066
:105d1000551f9800661f9800771f98000800be0066
:105d20000a01be000017980011179800221798006a
:105d3000331798000006eb000802be000a03be00fd
:105d4000540798006507980076079800070f980099
:105d5000310037004e1a9000de1a90006e1b900042
:105d6000fe1b90000e1090009e1090002e119000cf
:105d7000be1190007b040700710907000004be00fb
:105d80000205be00ae03070080027800250f9800d0
:105d90004e1a9000de1a90006e1b9000fe1b9000c1
:105da0000800be000a01be001d0507000e1290008b
:105db0009e1290002e139000be139000180407004e
:105dc0000002be000203be0007f0a2000417980004
:105dd0001517980026179800371798006022b8000a
:105de00006002000470224004e189000de189000a4
:105df0006e199000fe1990005a0407000002be00c0
:105e00000203be00441f9800551f9800661f9800ab
:105e1000771f98000c06e8008e1a9000850f560038
:105e2000ccff35005e049000ee0490007e059000eb
:105e30008e0d90006022b80006002000470124006b
:105e40004e189000de1890006e199000fe19900018
:105e5000f30407000002be000203be00441f9800c6
:105e6000551f9800661f9800771f98000e1090002d
:105e70009e1090002e119000be1190003303070079
:105e80000000e0000f0035004e1a9000de1a90006e
:105e90006e1b9000fe1b90000e1090009e10900054
:105ea0002e119000be119000280307000000e000b2
:105eb00011003a00ae0a90000508a3000800320065
:105ec0000d0037006000b8006011b800401f980056
:105ed000511f9800621f9800731f9800060037003a
:105ee0006022b8006033b800441f9800551f980026
:105ef000661f9800771f98004e1a9000de1a9000d7
:105f00006e1b9000fe1b90000800be000a01be0040
:105f1000c90307000002be000203be000417980078
:105f20001517980026179800371798006022b800b8
:105f300006002000470224004e109000de10900062
:105f40006e119000fe119000b50407000004be0021
:105f50000205be000002be000203be000e1090004b
:105f60009e1090002e119000be119000fc020700c0
:105f70000000e000090035008d06e80060c6b300af
:105f8000ce5a900080cf520008003a000e1b9000bd
:105f90000603e800061f9800110037004e14900019
:105fa000de1490006e159000fe15900050c6b300f0
:105fb0004e599000804f510009003a000802be007f
:105fc0000a03be00441f9800551f9800661f9800e2
:105fd000771f98008002eb004517980007003700f4
:105fe0000800be000a01be00401f9800511f980023
:105ff000621f9800731f98004d1798005e0e900066
:106000000001eb00220f9800320798005207980019
:106010000d0f78006a0037004e1a9000de1a9000cb
:106020006e1b9000fe1b90000e1090009e109000c2
:106030002e119000be119000ca030700c00807008f
:106040000004be000205be00fd020700e90f50007b
:106050000100340090002000ce0990000348a30006
:106060000c003a000000e0000a003a0071c6b300dc
:106070001e4a9000814f520006003a00ce12900056
:106080000500e00003003d002e0b90008606e800ae
:1060900023003700be0390000700e0000c003a0028
:1060a000ce1090000100e00009003d00e1c2b30005
:1060b0000e21900001717e000c06e800fe099000a0
:1060c0008301e900730f9800140020003407980042
:1060d0008e2290000c814200ae0e90008501780067
:1060e0000300370001c3b300015978008d06e900b1
:1060f0000d00e000fbff3a00032798002e0b9000f4
:10610000060646000043b00080717e000c06e800e1
:106110000680ea00fe0b900080834300770f980012
:106120004e1a9000de1a90006e1b9000fe1b90002d
:106130000800be000a01be00390407000e129000dc
:106140009e1290002e139000be139000340307009f
:106150000002be000203be0007f0a2000417980070
:106160001517980026179800371798006022b80076
:1061700006002000470224004e189000de18900010
:106180006e199000fe199000760307000002be0011
:106190000203be00441f9800551f9800661f980018
:1061a000771f9800ce1290008502e90045179800ed
:1061b0005e0390000603e800560798002d0f980034
:1061c000de0390000e189000808f530005003d0004
:1061d0009e0890004100900065005000800f56001e
:1061e0008dff39009e0678003e0190000200e0001d
:1061f00007003a00ce0990000348a30004003200d3
:10620000e0c2b3000e22900000727e000c06e8008f
:106210008e2290000c8042000048eb0051c6b30073
:106220004e5b9000814f530038003a009e0390006f
:106230008700e9000041eb0082f278008001eb006a
:106240000d00e00002003d008d06ea001300200072
:106250002200200001037800fe0a90008e239000a7
:10626000000478000a00370001037800a400200031
:10627000110009008406d800010278008006780029
:106280000443b00084737b000201e9008502e90049
:106290008600e9000d00e000f3ff3a000200e00094
:1062a000f1ff3c00750f9800072798000800780060
:1062b00001824300b2c2b3000300e00001003200db
:1062c000d2c2b300024a78000101e9008e21900099
:1062d000828041008e4a90000502fb001404b10048
:1062e00053c6b300f90f520001003e0053c4b3007f
:1062f000834878007e0b90000683e900760f9800b3
:10630000820f560001003d00d6010700ce0b900021
:1063100063806300e20f500015003a007e08900091
:106320000000e000120034000e20900031fa070057
:106330008e219000040037007e0990008280410089
:10634000e37078000000e900de0a9000850f50003d
:10635000f9ff3d0003279800058041007e09900069
:1063600001032000e6ec07000003eb00360f980065
:106370000e2090001ffa07004e0a9000be09900000
:10638000000178008e2090002e0090001ef807007b
:106390004f06be004f05be004f04be000080fa004d
:1063a0000000060010002000e48f46002ffe3d0094
:1063b000001f980057c6b300475f98004ffe370094
:1063c0000d00e00032fe3500001f980042fe37004d
:1063d0000200fa00889fbe008a9fbe0080057800f8
:1063e0000104780002007800180190002805900050
:1063f00098007800b1bf9f00b80490000200e00050
:10640000020035000110a100b1bf9f00ea815700d2
:10641000820020008a0078003002be002003be0007
:1064200008007800490007003fb99700f0006100bc
:10643000030032000000e90001c3b300817478005a
:106440003fb99700e8006100030032000000e90056
:1064500001c2b30081747800480190000201e90094
:1064600000015100808044003fba97008a01780003
:106470000b007800e4f707009b0090000188a30060
:106480000400320098009000810f500001003d0090
:10649000010078004f05be004f04be000080fa00e6
:1064a00000000600ea874700889fbe008a9fbe0062
:1064b0008e1f780000047800030078007287570070
:1064c00084e2260055c72600049fbe00c396220022
:1064d000030f78006c875700004feb001105900008
:1064e000a1049000910578000200e0000200320053
:1064f0000207780001003700728757000000e000b3
:1065000002003a000e007800baf907000a00e00025
:10651000030035008a0f5000010036000a007800a1
:106520000b02780089017800000178008e00780065
:1065300008007800b4f707004f0778004f05be0049
:106540004f04be00af00b10000000600f487470012
:10655000889fbe008a9fbe008c9fbe008e1f780061
:106560000605be000404be0081bf9f0082b79f00e5
:10657000f3b79f00b0009000e1b79f0013017800cf
:1065800092b79f0090069000400090000000e90044
:10659000000678000d00e00001003d001d00200015
:1065a0008040eb00efb19700817178001e00200061
:1065b0001f0037000c06e9000fb09700cf80de0007
:1065c0006109b900a0b79f00b1b79f00c2b79f0093
:1065d000d3b79f000203be000002be000800be0049
:1065e0000a01be0084050700000778000e4078000d
:1065f0000043b000efb0970080707e008d06e90088
:106600000fb997000201e90082bf9f002fb29700e7
:10661000bfb297004fb39700dfb397000800be00ea
:106620000a01be006d0507000205be000004be00a1
:106630000c00e0000d003400e00f5400e08f5c001f
:10664000e00f5d00e08f5d00daff3a000d00e00032
:10665000d8ff3c008fb997000300e000030034002e
:106660001fb097000018a300d2ff3a000e00e00010
:1066700002003a00ffb097001140a1000c00780022
:106680004f0778004f06be004f05be004f04be0006
:106690004f01b100000006000200fa00889fbe0012
:1066a0008a9fbe000005780001047800020078008f
:1066b00018019000a804900098007800b1bf9f00d6
:1066c000b80590000200e000020035000110a100b2
:1066d000b1bf9f00ea815700a20020008900780026
:1066e0003002be002003be000800780097ff0700bc
:1066f000480190000201e90000015100808045003e
:106700003fba9700890178000a0078003ef7070039
:106710009a0090000188a3000400320098009000c5
:10672000810f500001003d00010078004f05be00c0
:106730004f04be000080fa0000000600fa87470000
:10674000889fbe008a9fbe008c9fbe008e1f78006f
:106750008004780001047800820578001801900018
:106760002805900018077800b80090000200e000ab
:10677000020035000e10a1000100370012002000b9
:1067800070006700e0b79f00090032003b02be00c6
:106790002b03be00e00f5200e08f5a00e00f5b00b9
:1067a000e08f5b00020032008a86e90001003700ba
:1067b0008a067800e8026700f5b79f000100320002
:1067c0008d06e9003b02be002b03be00e4af9f0034
:1067d000f5af9f0086b79f0097b79f0048069000cf
:1067e0000c06e9000040eb0080707e00efb29700dd
:1067f0007fb297008903780081047800d8af9f00aa
:10680000020478008bbf9f008a057800034578005a
:106810002a0037000c06e9006fab97006f00630099
:10682000e90f500002003c000003b00001003700f7
:106830007005b0000a03fb001604b100f90f530005
:106840000c003e00000378000650a0001606b100c0
:10685000f90f530007003e00b4b79f00a5b79f0093
:10686000c7b79f0086000700cfb39700afb297006d
:106870003fb2970080747e000804e9008d06e900ad
:106880006fa89700ffa897000fb197009fb19700de
:10689000460020008301d1000281d3008180d30013
:1068a0000080d3000603e900faff3a00e0af9f0042
:1068b000f1af9f0082b79f0093b79f00e10f560092
:1068c0000f0034006fa89700ffa897000fb1970042
:1068d0009fb19700e00f5000e08f5800e00f590083
:1068e000e08f5900cbff3a000800e000c9ff3c00f0
:1068f0000d00e000020034000e18a300c5ff3a00ae
:1069000089007800f4b79f00870478005fac970097
:106910008a4178000b0578008fbd97000500e000e4
:10692000100032003b02be002b03be00e4af9f000c
:10693000f5af9f0086b79f0097b79f00e00f52000a
:10694000e08f5a00e00f5b00e08f5b000500320033
:106950000c06e90083707e000c06e90000c3b3005a
:1069600080707e00ffb297000500e0000300320057
:106970000c06e90000c2b30080707e004801900060
:106980000201e9000c0151008c8040000e027800e9
:106990008a017800090078009bf6070099009000b2
:1069a0000188a3000400320098009000810f50007d
:1069b00001003d00010078004f0778004f06be003f
:1069c0004f05be004f04be00af01b100000006003d
:1069d000881f780000047800486090008040e9003b
:1069e00000c0700040649800d800900068009000db
:1069f000808f500005003600b80990000001eb00c0
:106a00008200780008007800030001000000eb001d
:106a1000200c9800600498005004980098009000a2
:106a20000118a300030032000140a00011049800e7
:106a30000800370028019000380090000000410055
:106a400000149800700c98000000eb000138a300bf
:106a5000010032000080eb004f04780000000600c7
:106a600010003700881f78000004780008007800c4
:106a700016000700080078004f04780000000600a8
:106a8000f1f92f0080804000f98f500001003e0096
:106a9000f005b20000000600f9ff37000000060014
:106aa00000000500fdff0700306a80008000eb0059
:106ab000fbff0700306a80008000eb00f8ff070052
:106ac000306a80008000eb00f5ff3700010178009c
:106ad00080017800008268000408a30005003200ed
:106ae0001300370032407800805978000004e0003d
:106af00014003200030278000208a300f9ff3a00f4
:106b00000300780001003700031878008200780045
:106b1000b2017800f5ef2f00838242000382ea0081
:106b2000048262000508280005026200f6ff3200b8
:106b30000002780031417800025878000204e00039
:106b4000fbff3a0004007800000006008f1fd10010
:106b5000b40407008f87e9000000e0000000060091
:106b6000809feb00af0407008f87e9000000e00082
:106b700000000600839f68000100e00002003d0065
:106b800060001000e08018000300e00002003d00fb
:106b900060011100e0811900880007004f00e0004b
:106ba00002003b0060001000e080180000000600ba
:106bb000801feb009b0407008f87e9000000e000c6
:106bc000000006008103780021e707000001be00f5
:106bd0006000b8000478a30013003a006220e100ce
:106be00015003e000d0039008301d1000281d30061
:106bf0008180d3008301d1000281d3008180d30042
:106c00008301d1000281d3008180d3000538b00018
:106c1000c42add00f300b2008381720007f0a700f0
:106c200003f0a0000000060083ff27000200200000
:106c30006110b900f9ff370003ff2700f7ff3700a5
:106c40001400fa00889fbe008a9fbe008c9fbe0081
:106c50000004be000205be00680047000a90be00a6
:106c60000890be00aa0407000070a7000bf0a10066
:106c7000304320009e02900080825200b0fe2f0020
:106c80000028e10011003d00b0fc2f000028e100c9
:106c9000150034001e0990008e0890007e009000c0
:106ca0000501b0000201d1008180d3000080d30033
:106cb0008502e800fbff3a000b00e000cf043b0038
:106cc00060001000e0801800cc043700f0ff2f00b7
:106cd000f1ff27000b00e000c8043b000100280082
:106ce00000002000c50437006000b800c30437006e
:106cf0004f89de0082017800c50437004f89de002d
:106d000082017800d20437006011b800e004370037
:106d10001400fa00889fbe008a9fbe008c9fbe00b0
:106d20000005be000206be00680047000c90be00d1
:106d30000a90be00760407006400e1001a003200e9
:106d400016003e006100e1001a0032006e0490005f
:106d5000fe0490000e0b90009e0b90006011b80096
:106d60009e0590000b38b100d50120008281710092
:106d7000610164008703d1000683d3008984d300b6
:106d80000884d3008502e900f8ff3a0094e907007f
:106d90000df0a70001f0a0009804370001fc2700c7
:106da00000002000faff370001f827000000200053
:106db000f7ff37006000b800f5ff37006022b80029
:106dc000060220000000d0008180d2000482d200a0
:106dd0008582d2000000a0000202520083825a0085
:106de000030031000202420083824a000000a10039
:106df0000603e900f3ff3a0000000600efff07007a
:106e00000400be0000000600020ab900001bb90021
:106e10000200b8008100420081004300000006002b
:106e20008c9fbe008a9fbe00889fbe00ca010700db
:106e30000bf0a200040037008c9fbe008a9fbe00aa
:106e4000889fbe00c40107000c48e1000b003a0017
:106e50000c40e100020032008b01070040003700c7
:106e60008b066d003e0032000af0a100f301200005
:106e7000f2ff2f006110b900390037000c40e1002b
:106e8000370032000940e100010036007e010700b2
:106e90008a856d00cf5dde000b0575000006eb00f6
:106ea0008804fd0089045400010032007d010700c0
:106eb0000a04e00011003a000800e0002800320057
:106ec0000400400085804800060149008781490090
:106ed0000358a300180032008301d1000281d300bf
:106ee0008180d3000080d3000c86d30001003900dc
:106ef000610676000804e80018003700040050001e
:106f0000858058000601590087815900060031002c
:106f10000af0a2000c06ea0060001800e0801800e9
:106f200060011900e081190003003a000004eb0041
:106f30000005eb000a0037000348a30007003a00f1
:106f40000c0646000000480081804800020149000c
:106f5000838149000804e900f7ff3700af013700db
:106f6000c90137008c9fbe008a9fbe00889fbe006b
:106f7000790107000b056d000940e1000a003a00a5
:106f80000800e000020032000c40e10006003a0078
:106f90000af0a1000c047800f3012000f2ff2f009a
:106fa0006110b9009d0037000c40e1009b003200e9
:106fb0000800e000990032000c48e10002003a00ad
:106fc0000004eb00030037000900e00004003a0071
:106fd0000c0478006000b8006011b8008f00370022
:106fe0000348a30006003a000000400081804800ea
:106ff00002014900838149000804e900f8ff3700d5
:107000000748a30006003a000402420085824a00b5
:1070100006034b0087834b008904e900f8ff370023
:10702000fd3f20008d845400090454008a1f78001d
:10703000881f780000047800810478000205780039
:10704000830578006000b8006011b8000d042000ce
:10705000050037000804440089844c000a054d00ef
:107060008b854d00080031000404540085845c00c9
:1070700006055d0087855d008381d2008d06d30003
:10708000f4ff3b00070037000404440085844c00f3
:1070900006054d0087854d008381d2008d06d30003
:1070a000ecff3b000804440089844c000a054d00b5
:1070b0008b854d00080031000404540085845c0079
:1070c00006055d0087855d000281d2008d06d30034
:1070d000f4ff3b00070037000404440085844c00a3
:1070e00006054d0087854d000281d2008d06d30034
:1070f000ecff3b000804440089844c000a054d0065
:107100008b854d00080031000404540085845c0028
:1071100006055d0087855d008180d2008d06d30065
:10712000f4ff3b00070037000404440085844c0052
:1071300006054d0087854d008180d2008d06d30065
:10714000ecff3b000804440089844c000a054d0014
:107150008b854d00080031000404540085845c00d8
:1071600006055d0087855d000080d2008d06d30096
:10717000f4ff3b00070037000404440085844c0002
:1071800006054d0087854d000080d2008d06d30096
:10719000ecff3b000b00e00004003d000404440051
:1071a00085844c0006054d0087854d000006eb00e8
:1071b0008301d1000281d3008180d3000080d300fd
:1071c0000c86d3008301d1000281d3008180d300db
:1071d0000080d3000c86d300890474008b057500f1
:1071e0008b84740001003200610676004f04780041
:1071f0004f0578000348a30007003a000c0646003c
:107200000000480081804800020149008381490054
:107210000804e900f7ff3700000137001a013700c2
:107220008c9fbe008a9fbe00889fbe00ca000700d8
:107230000b056d008a0578000c40e10008003a005b
:107240000900e00082003a000af0a1000c04780076
:10725000f3012000f2ff2f006110b9007c0037001d
:107260000c48e10004003a00870007000900e00034
:1072700077003a00f4ff37000800e00074003200a5
:107280000900e00002003a007f00070070003700ac
:10729000ed3f20008d845400090444008a1f7800cb
:1072a000881f7800871f7800861f7800851f780068
:1072b000841f7800cb19dd00c515de008b857100b9
:1072c0004b11dd00450dde000a057100cb08dd0025
:1072d000c504de00898470004b04dd000440b80062
:1072e0000546b8008c80400060814e00044eb80016
:1072f0008c8040000d0149008001eb000318ad00b7
:107300000456b8000c0141008d8149000002eb00d9
:107310000420ad000646b8000c0141008d814900f3
:1073200060024a00054eb8000c0141008d81490001
:1073300060024a000556b8008c8141000d024a00e7
:107340008002eb000528ad000746b8008c814100a3
:107350000d024a00e0824a00064eb8008c814100ce
:107360000d024a00e0824a004f0678000c5eb80029
:107370008c8141000d024a00e0824a000656b800a6
:107380000c0242008d824a000003eb000630ad0083
:10739000074eb8000c0242008d824a0060034b0089
:1073a0004f0678000c5eb8000c0242008d824a0045
:1073b00060034b000756b8008c8242000d034b005f
:1073c0008003eb000738ad004f0678000c5eb80074
:1073d0008c8242000d034b00e0834b004f06780087
:1073e0000c5eb8000c0343008d834b004f04780003
:1073f0004f0578000748a3000a003a00000040004b
:1074000081804800020149008381490004024a004a
:1074100085824a0006034b0087834b000804e9007d
:10742000f4ff3700030678008080700082807000cf
:1074300001003200610676008701780006017800bd
:107440008500780004007800880478007800370010
:107450008d0037008c06460002003a000000a600ae
:107460000000060060004800e0804800600149001c
:10747000e08149000350a600000006008301d1000e
:107480000804e800000006000002fd008102fd0083
:107490000203fd008303fd008804fd008a05fd0052
:1074a000000006007048e1001a0039007d0320004a
:1074b0000d48e1000a003900810570008306710063
:1074c0008c8575008d8575000006eb000cd8e700f3
:1074d000610676006000b8006011b8000000060088
:1074e0007048e1000b0039008c0578000006780038
:1074f0000100780082007800030178008001eb0031
:1075000003d8e70061067600f0845400f4ff3a00e7
:10751000000006006160e1000c48ad00f085140039
:107520008b06dd000966de000d0676008b0edd00a1
:107530000900de000d0070008b16dd008908de00fa
:107540008d8070008b1edd000911de000d017100c1
:107550008919de00000006000d002800fc7f2000d5
:107560000d856100441cde00ef8161000c046400a5
:10757000010032000340a0008d856300c43cde00a2
:10758000ef8363008c846400010032000740a00098
:107590000c40e10006003a00ef866100828676002a
:1075a0008186760080867600010032001800370060
:1075b0000c48e10007003a00ef86630086867600fb
:1075c000858676008486760002003200aeff0700d2
:1075d0000f0037000348a30005003a008106700041
:1075e0008286760083867600010032000804e80077
:1075f0000748a30005003a008506720086867600db
:1076000087867600010032008904e8000000060049
:10761000cf047800cf0578001b0037000002780007
:1076200081027800020378008303780088047800e0
:107630000cf0a70087ff0700fd7f20000d40e10050
:10764000040035000d0478006000b8006011b80037
:107650000d0037000800e0000b003c00040078003b
:10766000850078000601780087017800e184140025
:107670008cff07000cf0a70076ff07000004eb006a
:107680000340a7000804e8004444dd006fc5610022
:10769000880175004f04be004f05be004f06be00b6
:1076a000000006000383680007002800070363004a
:1076b000470ade000480a100c71ade000580a10091
:1076c000f70f20000720e100420032000728e10008
:1076d00040003200889fbe008a9fbe008c1f780049
:1076e000f107b200f307b2000400e00064003200ca
:1076f0000170a0000500e000680032000370a000e7
:1077000085054200eb07b1000204b8000302b8008f
:107710008484440060854a00020ab80084844400de
:107720000a854a00030ab800040545000400330036
:107730000804d0008984d2000a85d2008b05e900b4
:107740006158e1003d003500021020000901610090
:107750000308200089816100f70720008783640007
:1077600008867300c84cde00c853dd0087847400af
:107770004855de000300e000060032008203760078
:10778000040032008904e80060054d000a88a30067
:107790000c003a00f70f20000758e10044003d00bc
:1077a0000a70a100c75ddd000a8575008a007300bc
:1077b000090078004f0678004f05be004f04be0058
:1077c000000006000a05d1008984d3008b05e8007b
:1077d000f0ff3700881f78000604780028e60700cd
:1077e000070278000001fd008101fd0024e607008a
:1077f00087027800850372000778a3000500320035
:107800000001fd008101fd0037e607004f0478000c
:1078100000000600850372000748a3000300320041
:10782000f0ff2f00f1ff2700f8ff370000002000d5
:1078300001f8270088807000f4ff37008801780085
:107840004848dd00808171004848de00c850dd00f6
:1078500001007000c850de00060478000b017800bb
:10786000dde5070088807000d2ff37000500e000ea
:107870000500320017002000100007009dff3700b0
:1078800081037000f9ff3a00860078004f06780007
:107890004f05be004f04be000000050083037100c9
:1078a000f9ff3200270020000400070094ff370092
:1078b00001f8270086807000f4ff3700889fbe0023
:1078c0000004eb006138e10016003a000100e0001e
:1078d00008003a00c800de004800dd0088002000f3
:1078e0000100e00003003a00c800de004800dd00af
:1078f000680444008184cf00e98454000600340009
:107900008908dd00f08314008703de0087807000a3
:107910000900dd0009044400610214004f04be00a8
:10792000000006000300e00008003a00c811de0075
:107930004811dd00880020000300e00003003a0049
:10794000c811de004811dd00680444008384cf00c4
:10795000e9845400060034008919dd00f083140026
:107960008713de00878171000911dd0009044400de
:10797000e1021400e9ff3700889fbe008a9fbe0025
:1079800030044200b0844a0030054b0090854b0023
:107990006000b1000898be000a90be000440e100fb
:1079a00005c8e10006d0e10007d8e100020031007f
:1079b000680040001008e8004f05be004f04be00fc
:1079c00000000600889fbe008a9fbe003004be00f3
:1079d0002005be000418540005985c0006185d00e0
:1079e00007985d00110020000440e10005c8e10097
:1079f00006d0e10007d8e100010039008000eb006b
:107a0000108810004f05be004f04be0000000600a5
:107a10001200fa00889fbe008a9fbe008c9fbe00a5
:107a2000e0b79f00f1b79f0082bf9f0093bf9f0008
:107a30000605be000404be000000eb00d0b79f00a6
:107a4000c0b79f00b0b79f00a0b79f0090b79f003e
:107a5000000678005fb19700cfb097008201410027
:107a60003fb097000200e00004003d00370007002f
:107a70007e805700c0ff0700030037003300070077
:107a80007e805700cfff0700dfb697000d00e000b3
:107a90000c0035006fb29700ffb297000fbb970044
:107aa0009fbb970010002000010020006011b8006b
:107ab00000027200818272000203730083837300ec
:107ac0001b0007000c06e80001042000810f56008f
:107ad000e0ff3a000d00e00004003d000802be0097
:107ae0000a03be007e805700a3ff07005fa897002f
:107af0000000e00005003a001fb29700afb2970007
:107b00003fb39700cfb39700090007006fb097000d
:107b1000ffb097000fb997009fb997004f06be00be
:107b20004f05be004f04be000080fa0000000600b2
:107b30000100070000000600a4b79f00b5b79f0032
:107b4000c6b79f00d7b79f00000006004f09de00b0
:107b500082817100b3b79f004f01de008180400039
:107b600082807000a1b79f008fb097004f09de00a0
:107b7000000040000200700090b79f007fa89700af
:107b80004f01de00818040008280700081b79f003d
:107b90000d0007004f3ade000000400004007000b6
:107ba000f0af9f00080007000402420085824a00ef
:107bb00006034b0087834b00dfff07000802be006f
:107bc0000a03be00000006002fb29700bfb2970064
:107bd0004fb39700dfb3970000000600881f7800be
:107be00018002000881f780089ff07008f87e900b0
:107bf0004f04780000000600801feb0084ff0700a0
:107c00008f87e90000000600889fbe008a9fbe00a3
:107c1000e00f5000e08f5800e00f5900e08f59004e
:107c20000c003d006044b8006055b80000005400ee
:107c300081805c0002015d0083815d0018002000ee
:107c40001500070008003d00180007000004eb00c5
:107c5000050037000004eb000f00070002003d00a4
:107c60001200070018002000dcff07000800e000f9
:107c7000060032006022b8006033b80000005200f5
:107c800081805a0002015b0083815b004f05be00ca
:107c90004f04be0000000600e00f5200e08f5a00c3
:107ca000e00f5b00e08f5b00000006006044b8005e
:107cb0006055b8000402540085825c0006035d0034
:107cc00087835d0000000600889fbe008a9fbe007b
:107cd0008c1f7800e00f5000e08f5800e00f590033
:107ce000e08f59000d003d006044b8006055b800b9
:107cf0000000540081805c0002015d0083815d0012
:107d00001c0020000820e10009a8e1000ab0e10001
:107d10000bb8e1000d003d00080037000006eb0045
:107d2000e00f5200e08f5a00e00f5b00e08f5b0035
:107d300006003d006044b8006055b80004025400dd
:107d400085825c0006035d0087835d00aaff070053
:107d50000c00e000060032006022b8006033b8007a
:107d60000000520081805a0002015b0083815b00a9
:107d70004f0678004f05be004f04be00000006000d
:107d8000889fbe008a9fbe008c1f78000006eb0013
:107d9000e00f5000e08f5800e00f5900e08f5900cd
:107da00007003d006044b8006055b8000000540072
:107db00081805c0002015d0083815d001c00200069
:107dc000e00f5200e08f5a00e00f5b00e08f5b0095
:107dd00007003d006044b8006055b800040254003c
:107de00085825c0006035d0087835d000c00a200b5
:107df000d20007000c00e000060032006022b8004c
:107e00006033b8000000520081805a0002015b001c
:107e100083815b004f0678004f05be004f04be0013
:107e200000000600889fbe008a9fbe008c9fbe0097
:107e30000404be000605be00809fbe00829fbe00f7
:107e400021000700040678000800be000a01be00f9
:107e50001d000700840678004f03be004f02be00dd
:107e60008d4f76007fb0970013003300f0ff2f0096
:107e70008b8f6b0006003b000d0666000c00a70010
:107e80000a00370007f0a600100020000a003700a3
:107e9000880f5200898f5a008a0f5b008b8f5b001e
:107ea000030039001000200001003e000000200007
:107eb00007f0a7000000ea004f06be004f05be0015
:107ec0004f04be000000060005ff27000582610088
:107ed000070032000428e100010032002400050000
:107ee0000600070001003a004400050004080500f0
:107ef00002000700f9ff3a00140005006f826100dc
:107f00008102700085027100850272000000060087
:107f1000800078005002be005003be004439de00ed
:107f2000f700b200f37f2000030161000900320076
:107f30000218e10016003a00850172008301730007
:107f4000838173000008200015003a0040002000e3
:107f50001300370085017200830173008381730071
:107f600005003a0004a8be0006a8be0010002000cc
:107f70000b0037000201e9000402420085824a003a
:107f800006034b0087834b000748a300f9ff32002c
:107f90000740a00004a8be0006a8be0020002000e4
:107fa00080009800920098000000060068044700d6
:107fb0000294be000094be00fc0447008694be00fc
:107fc0008494be0009007800d1ff07000800780003
:107fd000cfff070099007800814f70000b003b0035
:107fe0000800be00a30007004f00b10003003700e7
:107ff000f3ff2700f2ff2f006110b9004f06be000b
:108000004f05be004f04be000080fa0000000600cd
:10801000881f7800030478000300e00007003d009b
:1080200060001000e080180060011900e081190074
:1080300002003b0001f02d00030037001400070090
:1080400008f0a70003f0a0004f047800000006002d
:10805000881f7800030478000300e00007003d005b
:1080600060001000e080180060011900e081190034
:1080700002003b0001f02d0003003700a9e40700d7
:1080800008f0a70001f0a0004f04780000000600ef
:10809000889fbe000082700004027100048271009b
:1080a0002400320036432000c50020008383cf0027
:1080b0000a0039000541b1008283cf000700390072
:1080c0000541b1008183cf00040039000541b100b2
:1080d0008083cf00010039000541b10085c3530002
:1080e0006022b800120032000a003b008482720055
:1080f000610260008301d1000281d3008180d3003e
:108100000080d3000603e8008743e800f7ff3a0049
:10811000070037000000400081804800020149004c
:10812000838149000603e9008743e900f9ff3a002b
:10813000240007004f04be0000000600889fbe0018
:108140008a9fbe008c9fbe000404b8000506b800dc
:108150008904460060854e000606b8000a05460000
:10816000e0854e000706b8008b054600040eb800f7
:10817000890446000a854e00e0854d00050eb800d2
:108180000a0546008b854e00060eb8008b0546009a
:108190000416b8000a0546008b854e000516b80087
:1081a0008b054600041eb8008b0546000800be0083
:1081b0000a01be004f06be004f05be004f04be00c0
:1081c000000006001800200057002000080453009b
:1081d0000d003d000600200097fc2f000740e10045
:1081e0001e00340084827200610260008301d100ad
:1081f0000281d3008180d3000080d3000804e8000e
:10820000f8ff3a0047002000610460000504740094
:10821000040464000d00320061004000e08048006a
:1082200060014900e081490003b8a5000700320061
:108230000603e8006538e10004003a008301d1003c
:108240000281d3008180d3000080d300f87f20001a
:108250000830e10003003500080378006000b80032
:108260006011b8004433dd00f300b20083017300f5
:1082700000000600e48240001078a30007003200ee
:10828000640240001178a3003400be001401be0057
:10829000040032000330a700000006003500be00d5
:1082a0001501be000330a00000000600889fbe003c
:1082b0008a9fbe000004be000205be006000b80038
:1082c0000200200003002800000262008182620098
:1082d0000203630083836300f0ff2f00f1ff2f0090
:1082e000f2ff2f00f3ff270000006400818064008c
:1082f00002016500838165000000720081807200c8
:1083000002017300838173004f05be004f04be005d
:1083100000000600f4ff2f00f5ff2f00f6ff2f00ee
:10832000f7ff2700040260008582600006036100f9
:10833000878361000400be000601be000000060045
:108340001800fa00889fbe008a9fbe008c1f78002c
:108350000004be000205be000802be000a03be0003
:10836000443ade00f07f2000000662002043200037
:10837000800f560067003c006022b8006033b800f0
:108380000800be00f1f907000000e00061003200c3
:108390000802be000a03be00b4b79f00c5b79f0025
:1083a000d6b79f00e7b79f00e00f5200e08f5a005a
:1083b000e00f5b00e08f5b000b003d006022b80027
:1083c00006002000073324000800be000a01be009a
:1083d00093fa07006022b80006002000073324004b
:1083e00095fa07000a0037006022b8000600200056
:1083f000073324000800be000a01be008efa070001
:108400006022b800060020000733240084fa070029
:108410000802be000a03be0081fa07000002be0087
:108420000203be00f4b79f0085bf9f0096bf9f0068
:10843000a7bf9f00e03f2000800f560017003c00c0
:108440007fb097008fb897001fb99700afb997001a
:10845000f0af9f0081b79f0092b79f00a3b79f0026
:108460006044b8006055b8003fb29700cfb29700a3
:108470005fb39700efb39700e00f5200e08f5a0010
:10848000e00f5b00e08f5b0022003d006044b8001d
:108490000a0020000bff2b001e0037006022b800ee
:1084a0006033b8007fb097008fb897001fb997006e
:1084b000afb99700aaf907000000e0000c003400f3
:1084c0007fb297008fba97001fbb9700afbb970092
:1084d0000800be000a01be0057fa07006022b8007b
:1084e0000600200007ff23004dfa070007003700b1
:1084f0007fb297008fba97001fbb9700afbb970062
:108500000800be000a01be004bfa07000004be00ce
:108510000205be000800be000a01be004f0678003a
:108520004f05be004f04be000080fa0000000600a8
:10853000000006002f03b000889fbe008a9fbe0087
:108540008c9fbe008e1f78000004be000205be0096
:108550000400be000601be00d0b79f00e1b79f0037
:10856000f2b79f0083bf9f000203be000002be005f
:10857000d4af9f00e5af9f00f6af9f0087b79f0085
:108580000400420085804a0006014b0087814b00b1
:10859000d0a79f00e1a79f00f2a79f0083af9f0095
:1085a000e00f5000e08f5800e00f5900e08f5900b5
:1085b000310032005fb09700efb097007fb19700b5
:1085c0008fb99700daff07000203be000002be0069
:1085d00090af9f00a1af9f00b2af9f00c3af9f00bd
:1085e000f0ff2f00f1ff2f00f2ff2f00f3ff270015
:1085f00000026200818262000203630083836300e1
:1086000094a79f00a5a79f00b6a79f00c7a79f009c
:108610006000b8000200200003ff27000020e100f6
:1086200001a8e10002b0e10003b8e10012003e0041
:108630000800be000a01be0090af9f00a1af9f00de
:10864000b2af9f00c3af9f004418de006011b800b6
:108650008000eb0090a79f00a1a79f00b2a79f00fa
:10866000c3a79f00f07f20009fa2970000866200b2
:10867000800f56000b003a005fb29700efb29700f0
:108680007fb397008fbb97000800be000a01be00b1
:10869000e3fa07000002be000203be0031fa070041
:1086a0001b0037001fa89700afa897003fa99700ad
:1086b000cfa99700000040008180480002014900d6
:1086c0008381490090a79f00a1a79f00b2a79f00a8
:1086d000c3a79f005fa29700efa297007fa3970018
:1086e0008fab97000400e1000588e1000690e100ef
:1086f0000798e10009003e001c013a006022b80022
:108700006033b8000800be000a01be00c4fa0700ca
:108710000004be000205be00140137000c00e0009a
:1087200023003a001fa89700afa897003fa9970021
:10873000cfa99700c50020000000d0008180d200a2
:108740000281d2008381d2008502e900faff3a005b
:10875000050037000c06e900000040008180480059
:108760000201490083814900e00f5000e08f58006a
:10877000e00f5900e08f5900f6ff3d006100160040
:108780001faa9700afaa97003fab9700cfab970007
:108790000000e900050033000402d0008582d20009
:1087a0000683d2008783d200f9ff37001b00370011
:1087b000f4ff2f00f5ff2f00f6ff2f00f700200039
:1087c0001fa89700afa897003fa99700cfa99700cf
:1087d00004006000858060000601610087816100ff
:1087e000d0a79f00e1a79f00f2a79f0083af9f0043
:1087f0006000b80002002000030120005fa2970083
:10880000efa297007fa397008fab97000002720042
:1088100081827200020373008383730094a79f0018
:10882000a5a79f00b6a79f00c7a79f005faa9700b4
:10883000efaa97007fab97008fb39700443ade0012
:10884000fd7f20008d0662002f003a005faa97008e
:10885000efaa97007fab97008fb39700ce00200060
:108860000402d0008582d2000683d2008783d20022
:108870000e07e900faff3a001fa09700afa097008b
:108880003fa19700cfa19700050037008d06e900b2
:108890000402420085824a0006034b0087834b0096
:1088a000e00f5200e08f5a00e00f5b00e08f5b00aa
:1088b000f6ff3d000203be000002be006187160005
:1088c0005fa89700efa897007fa997008fb1970046
:1088d0000e07e900050033000000d0008180d200bf
:1088e0000281d2008381d200f9ff3700d0af9f0010
:1088f000e1af9f00f2af9f0083b79f000400be006e
:108900000601be001b0037005fa89700efa8970084
:108910007fa997008fb19700f4ff2f00f5ff2f007c
:10892000f6ff2f00f7002000040060008580600043
:1089300006016100878161006022b8000600200006
:10894000070120000400700085807000060171009e
:1089500087817100d0af9f00e1af9f00f2af9f0011
:1089600083b79f001fa09700afa097003fa197007b
:10897000cfa197000802be000a03be00d4a79f0043
:10898000e5a79f00f6a79f0087af9f001200370062
:10899000e00f5200e08f5a00e00f5b00e08f5b00b9
:1089a0000800350005003a005fa49700efa4970087
:1089b0007fa597008fad970050ff37000400be00e1
:1089c0000601be000000400081804800020149000d
:1089d000838149000c06e9005fac9700efac97007b
:1089e0007fad97008fb5970008025000898258002c
:1089f0000a0359008b8359008d0f5600e4ff3c0099
:108a000090a79f00a1a79f00b2a79f00c3a79f00a8
:108a10005fa49700efa497007fa597008fad970004
:108a2000e00f5200e08f5a00e00f5b00e08f5b0028
:108a300008003d00120037000400be000601be0021
:108a400094a79f00a5a79f00b6a79f00c7a79f0058
:108a50000b003700e00f5200e08f5a00e00f5b0080
:108a6000e08f5b00f4ff3a0024ff37000000400075
:108a70008180480002014900838149000c06e90019
:108a80000203be000002be00443ade006033b800bc
:108a90008002eb00e00f5200e08f5a00e00f5b0015
:108aa000e08f5b00f1ff320090a79f00a1a79f001d
:108ab000b2a79f00c3a79f000c00e0001100340084
:108ac0006022b8000600200007ff2f0004024000cb
:108ad0008582480006034900878349006164b90024
:108ae000614db900c445dd000005eb006044b800ed
:108af000040074008580740006017500878175008c
:108b00000c003700610616001fa09700afa0970069
:108b10003fa19700cfa197000c06e90005003300a4
:108b20008301d1000281d3008180d3000080d30073
:108b3000f9ff37001fac9700afac97003fad97002f
:108b4000cfad97004f5cde00cfc4de00614db900b1
:108b5000cf45dd000005eb006044b800080470005c
:108b6000898470000a0571008b8571000800be00c1
:108b70000a01be004f0778004f06be004f05be0039
:108b80004f04be002f03b10000000600889fbe0006
:108b900002047800f9072000890f54000d0034000a
:108ba0000200200003f02700befa0700f807b1001a
:108bb000890f5400170034000200200003f0270042
:108bc000b8fa0700f807b100890f540010003c0004
:108bd0001000370029f82f00890f54000d003d00c8
:108be0000200200003c82000aefa07006806b000ab
:108bf000890f540007003d000200200003c8200038
:108c0000a8fa07006806b000890f540001003d0073
:108c100009047800f207200008014100cf91de002e
:108c2000c711dd00020020009efa07004f04be00bd
:108c300000000600889fbe0004047800f93f200071
:108c4000890f54000f0034006022b8000600200095
:108c500007fe270072f90700f83fb100890f5400a2
:108c60001a0034006022b8000600200007fe27002a
:108c70006bf90700f83fb100890f540012003c0067
:108c80001200370029c02f00890f54000f003d004b
:108c90006022b800060020000736200060f90700b7
:108ca000983cb000890f540008003d006022b800d5
:108cb000060020000736200059f90700983cb00054
:108cc000890f540001003d0009047800f43f2000a2
:108cd00008024200cfa2de00612bb900c423dd00f0
:108ce0000003eb006022b8004df907004f04be00fe
:048cf000000006007a
:020000040000fa
:04009400dc0200008a
:020000040000fa
:040074000403000081
:020000040000fa
:0400ec009c03000071
:020000040000fa
:0400f000c203000047
:020000040000fa
:020000040001f9
:0457fc003f3f00002b
:020000040000fa
:020000040001f9
:0457f8009f79000095
:020000040000fa
:108cf400525000004d4d00004f5400004f520000f0
:108d0400000000006a4c0000624c0000724c00003d
:048d14004e4c0000c1
:020000040000fa
:108d18001600fa00200f9800640f47000000eb00cf
:108d280010079800090037002e08900010007800fe
:108d3800000001009e007800804878001e0fe800bf
:108d48001e0090000000e800100798001e00900028
:108d5800ef0f500005003c002e0890001000900016
:108d6800000001000000e000efff3a001e0078005c
:108d78008040eb000148780064004700bce1070030
:108d88000080fa00000006001600fa00200f980084
:108d9800640f47000000eb00100798000900370037
:108da8002e08900010007800000001009e00780056
:108db800804878001e0fe8001e0090000000e800c0
:108dc800100798001e009000ef0f500005003c00af
:108dd8002e08900010009000000001000000e00044
:108de800efff3a001e0078008040eb000148780051
:108df8004e4090000080fa00000006001600fa00bd
:108e0800200f9800640f47000000eb00100798003f
:108e1800090037002e0890001000780000000100bb
:108e28009e007800804878001e0fe8001e00900021
:108e38000000e800100798001e009000ef0f500097
:108e480005003c002e089000100090000000010072
:108e58000000e000efff3a001e0078008040eb00c1
:108e680001487800640047008de107000040780061
:108e78000080fa00000006001600fa00200f980093
:108e8800640f47000000eb00100798000900370046
:108e98002e08900010007800000001009e00780065
:108ea800804878001e0fe8001e0090000000e800cf
:108eb800100798001e009000ef0f500005003c00be
:108ec8002e08900010009000000001000000e00053
:108ed800efff3a001e0078008040eb000148780060
:108ee800640047006ee107000080fa0000000600f9
:108ef8001600fa00200f9800640f47000000eb00ee
:108f080010079800090037002e089000100078001c
:108f1800000001009e007800804878001e0fe800dd
:108f28001e0090000000e800100798001e00900046
:108f3800ef0f500005003c002e0890001000900034
:108f4800000001000000e000efff3a001e0078007a
:108f58008040eb00014878006400470080e107008a
:108f68000080fa00000006001600fa00200f9800a2
:108f7800640f47000000eb00100798000900370055
:108f88002e08900010007800000001009e00780074
:108f9800804878001e0fe8001e0090000000e800de
:108fa800100798001e009000ef0f500005003c00cd
:108fb8002e08900010009000000001000000e00062
:108fc800efff3a001e0078008040eb00014878006f
:108fd8006400470096e107000080fa0000000600e0
:108fe8001600fa00200f9800640f47000000eb00fd
:108ff80010079800090037002e089000100078002c
:10900800000001009e007800804878001e0fe800ec
:109018001e0090000000e800100798001e00900055
:10902800ef0f500005003c002e0890001000900043
:10903800000001000000e000efff3a001e00780089
:109048008040eb00014878006400470014e1070005
:10905800004078000080fa00000006001600fa00c0
:10906800200f9800640f47000000eb0010079800dd
:10907800090037002e089000100078000000010059
:109088009e007800804878001e0fe8001e009000bf
:109098000000e800100798001e009000ef0f500035
:1090a80005003c002e089000100090000000010010
:1090b8000000e000efff3a001e0078008040eb005f
:1090c8000148780064004700f5e007000080fa00d6
:1090d800000006001600fa00200f9800640f4700f1
:1090e8000000eb0010079800090037002e089000d8
:1090f80010007800000001009e0078008048780089
:109108001e0fe8001e0090000000e80010079800fd
:109118001e009000ef0f500005003c002e08900044
:1091280010009000000001000000e000efff3a008e
:109138001e0078008040eb0001487800640047007a
:1091480007e107000080fa00000006001600fa0098
:10915800200f9800640f47000000eb0010079800ec
:10916800090037002e089000100078000000010068
:109178009e007800804878001e0fe8001e009000ce
:109188000000e800100798001e009000ef0f500044
:1091980005003c002e08900010009000000001001f
:1091a8000000e000efff3a001e0078008040eb006e
:1091b80001487800640047001de107000080fa00bc
:1091c800000006000a00fa002007980031079800fe
:1091d80042079800be009000010f78000000eb00e5
:1091e80010079800090037002e0090001000780042
:1091f800000001009e007800804878001e0fe800fb
:109208001e0090000000e800100798009e009000e3
:109218004e009000808f500005003d002e00900009
:1092280010009000000001000000e000eeff3a008e
:109238001e0078008040eb00014878000080fa00aa
:10924800000006005e00fa00881f7800402f980092
:10925800512f9800622f9800de289000010f7800a7
:109268000e017800e202b000040009000019eb00ca
:109278000000eb0020079800770137001e007800f7
:109288009040780050c2b30080cf50002c013a00c3
:109298000000eb002007980000012000300798002c
:1092a800e00220000e004000a20020008000eb0039
:1092b80011e107000000eb001007980008013700d3
:1092c8001e00780090407800e20220000e01410064
:1092d8001e00900000004100014878001e00780040
:1092e800104078000000fb0061062000810f50004c
:1092f800d400320061062000810f500007003c00b6
:1093080031062000810f50000e0032004106200077
:10931800810f500075003200ed003700c1062000b3
:10932800810f50001300320051072000810f5000b8
:109338001800320081062000810f50001100320011
:10934800e300370010002000200798006e289000e6
:109358000080e900602f98006e28900010007800c7
:1093680000407800007f98000040eb00107f9800d4
:10937800d70037003e0090000000400030079800fa
:10938800d30037003e0090000000d100300798005d
:10939800cf00370010002000200798001e00900022
:1093a8000000e800000047008040eb00616898007a
:1093b8003e009000f00f50000c003200f00f5000fb
:1093c80003003e00e80f500008003200c0003700dc
:1093d80001022000810f5000150032000104200016
:1093e800810f500026003200b90037006e28900027
:1093f8000080e900602f98006e28900090017800a6
:1094080063079800800320000e0040006e02900061
:10941800841f7800e10220008e804000811f7800c0
:109428000102200018e10700e48757002e003700ea
:109438006e28900064005000602f98006e289000fd
:109448001003be0076079800070f980082032000db
:109458000e0141007e0090008e089000809fbe00a3
:10946800e00220000e004000801f7800010220006a
:109478000200780004e10700e68757001a00370069
:109488006e28900068005000602f98006e289000a9
:109498003002be002003be00140f9800250f98006c
:1094a800360f9800470f9800840320000e024200f0
:1094b8001e089000ae0890003e099000ce0990006a
:1094c800809fbe00829fbe00e00220000e00400088
:1094d800801f78000102200004007800eae00700fd
:1094e800ea875700000000007900370010002000cc
:1094f800200798001e0090000000e80000004700c8
:109508008040eb00616898003e009000f00f50002a
:109518000c003200f00f500003003e00e80f50002e
:10952800080032006a00370001022000810f500055
:109538001500320001042000810f5000260032007f
:10954800630037006e2890000080e900602f9800c3
:109558006e28900090027800550f98008003200034
:109568000e0040005e0b9000861f7800e10220008c
:109578008e804000811f780001022000c2e00700b1
:10958800e48757002e0037006e28900064005000d2
:10959800602f98006e2890001001be00620f98009e
:1095a800730f9800820320000e0141006e0890009e
:1095b800fe089000809fbe00e00220000e004000e0
:1095c800801f78000102200002007800aee007004a
:1095d800e68757001a0037006e2890006800500090
:1095e800602f98006e2890003002be002003be0055
:1095f8000417980015179800261798003717980031
:10960800840320000e0242000e1090009e1090006d
:109618002e119000be119000809fbe00829fbe0058
:10962800e00220000e004000801f780001022000a8
:109638000400780094e00700ea8757000000000063
:109648002300370010002000200798001e0090001b
:109658000000e800000047008040eb0061689800c7
:109668003e009000f00f500003003200010220007d
:10967800810f500015003a006e28900064005000d9
:10968800602f98006e2890001003be0046179800bf
:1096980057179800820320000e0141004e109000d9
:1096a800de109000809fbe00e00220000e00400007
:1096b800801f7800010220000200780072e0070095
:1096c800e687570000000000010037000000000096
:1096d8001e0fe8001e0090000000e8001007980028
:1096e8001e009000e80f500003003e002e0090007e
:1096f8000000e000f2fe3200800320000e0040006f
:1097080040079800080037004e2890009000780025
:109718004e00900010407800010001004e009000bb
:109728000000e800400798004e00900010407800c4
:109738000004e000f4ff3a001e0fe900450037007e
:109748001e0078009040780040c2b30080cf5000df
:109758003b003a001e0fe8001e0078001040780019
:109768000004e000410032001e007800104078003c
:109778000000fb0021072000810f50001700320075
:1097880031072000810f500027003a006e28900012
:109798000080e900602f98006e2890009003780000
:1097a80057079800080037004e289000900078006e
:1097b8005e009000104078005e0190000201e80011
:1097c80052079800010001005e00900010407800e8
:1097d8000004e000f4ff3a001e0037006e289000f5
:1097e8000080e900602f98006e28900090007800b3
:1097f80061179800060037004e2890001004780082
:109808006e109000100078000000010008000100b0
:109818006e10900010009000000001000000e000b1
:10982800f5ff3a000b0037004e28900090007800b2
:109838001e00780010407800010001000500370084
:109848004e289000900078001e00780010407800a4
:10985800010001001e0fe8001e007800104078008b
:109868000004e00085fe3a00010037000000000017
:109878004f0478000080fa00000006000000fa009b
:10988800d1c4b30000192000360307000080fa0095
:10989800000006000000fa00f1648000e064800027
:1098a80080805000f01f2000008060000120200010
:1098b800008050000080fa00000006000000fa0056
:1098c800406480000080fa00000006000000fa00f2
:1098d8007f0007000080fa00000006000200fa007e
:1098e800004f78001e407800610007000080fa00f1
:1098f800000006000000fa00560307000004e0001c
:1099080007003a00c0c92000bd010700e0cfb3003e
:1099180030e8b70010c0b3002ee8b70071030700a5
:109928000080fa00000006000000fa000000eb00ca
:10993800006488000000eb00106488000000eb0061
:10994800206488000000eb00306488000000eb0011
:10995800406488000000eb00506488000000eb00c1
:10996800606488000000eb00706488000000eb0071
:10997800806488000080fa00000006000000fa00f9
:109988000000eb00e06488000000eb00f064880051
:109998000000eb00006588000000eb0010658800ff
:1099a8000000eb00206588000000eb0030658800af
:1099b8000000eb00406588000000eb00506588005f
:1099c8000000eb00606588000080fa0000000600d7
:1099d8000000fa000000eb00606588000080fa00d3
:1099e800000006000000fa0000658000f0648800ae
:1099f80030658000206588000080fa0000000600bd
:109a08000200fa00004f78001e4078000004e000d1
:109a180006003a00306480000000e00003003200d5
:109a280000c82000560007000f003700a16480001e
:109a380000648000008040009e4078000148780063
:109a4800006480000000e800006488003064800042
:109a58000000e8003064880001648000c064800071
:109a680000806000006488000080fa0000000600a2
:109a78000200fa00004f780081658000e0648000f1
:109a8800008040009e40780001487800e064800033
:109a98000000e800e0648800106580000000e8002d
:109aa80010658800e1648000a06580000080600087
:109ab800e06488001e4078000004e00002003a00dc
:109ac800c0c920002d0107000080fa000000060030
:109ad8000200fa00a1648000106480000080400049
:109ae800104f7800106480000000e80010648800bf
:109af800406480000000e900406488001164800030
:109b0800c064800000806000106488001e407800f7
:109b18000080fa00000006000200fa00816580005b
:109b2800f064800000804000104f7800f0648000ee
:109b38000000e800f0648800206580000000e9006b
:109b480020658800f1648000a065800000806000c6
:109b5800f06488001e4078000080fa0000000600cb
:109b68000000fa0001003700ebff070020658000c5
:109b78000000e000fcff3a000080fa000000060048
:109b88000200fa00000f78001e007800900890008c
:109b98001e00780060009000000040000080400037
:109ba8009e007800b1009000010878001e0078003f
:109bb800600090008000e8001e00780061009800b6
:109bc8001e007800000890008000e8001e00780061
:109bd800010898001e0078008000eb003100980012
:109be8001e007800e00090001e00780050089000e9
:109bf800808060001e007800610098000080fa00f4
:109c0800000006000200fa00000f78001e0078002d
:109c1800900890001e00780070009000000040003e
:109c280000804000900078001e00780041009800f5
:109c38001e007800900090001e0078002100980017
:109c48001e007800c00090001e00780051009800a7
:109c58001e007800700090008000e8001e00780068
:109c6800710098001e007800000890008000e9004c
:109c78001e007800010898001e007800f00090008f
:109c88001e00780050089000808060001e00780058
:109c9800710098000080fa00000006000200fa0037
:109ca8007e0207000004e0001a0032000040eb00ca
:109cb800a4020700004f78007e0207000004e000bd
:109cc80003003a0020c0b3002fe8b70011003700a6
:109cd8002fc8bf00e24f500009003a003cc8bf003f
:109ce8009e40780080cf50000300320030c0b3009f
:109cf8002fe8b700070037002f68ef00050037008e
:109d08002fc8bf00e34f500002003a001e40780001
:109d18003bff07000080fa00000006000200fa007e
:109d2800520207000004e00004003200410207006c
:109d38002e68ef002bff07002e00370051020700a6
:109d48000004e000020032002e68ef00290037000e
:109d5800400207000004e000260032002ec8bf00c1
:109d6800e14f50001c003a0030c8bf00e24f4000ed
:109d780006003a000040eb006c02070030c8bf0044
:109d88000040e80030e8b7001a00370030c8bf00cc
:109d9800e14f400006003a003cc8bf0063020700dc
:109da80030c8bf000040e80030e8b70011003700b5
:109db80059ff0700004f78001e4078000004e000bb
:109dc80002003a0020c0b3002ee8b7001e40780019
:109dd80056020700070037002ec8bf00e24f5000a8
:109de80004003a002e68ef0010c0b30031e8b70055
:109df800450207000080fa00000006000400fa008f
:109e0800000f7800214798002e4090008080fb00ca
:109e18001e007800605090000000fb00808f50000a
:109e280003003a001e0078005400070018003700ad
:109e38001e007800a00890001e007800100078002e
:109e480000804000ae409000014878001e00780075
:109e5800100078008000e8001e00780001087800f3
:109e68001e007800300090008000e8001e00780096
:109e7800310098001e007800900078001e007800dd
:109e880040089000808060001e007800010878007b
:109e98000080fa00000006000400fa00000f7800b5
:109ea800214798001e007800a00890001e00780046
:109eb8001000780000804000ae4090000148780013
:109ec8001e007800100078008000e8001e0078006e
:109ed800010878001e007800300090008000e8003b
:109ee8001e007800310098001e007800900078006d
:109ef8001e00780040089000808060001e007800f6
:109f0800010878000080fa00000006000400fa004a
:109f1800100798001e009000a00890001e009000f6
:109f28001000900000804000104f78001e00900044
:109f3800100090008000e8001e00900011009800ba
:109f48001e009000400090008000e9001e00900074
:109f5800410098001e009000900090001e009000a4
:109f680040089000808060001e009000110098005a
:109f78001e4078000080fa00000006000200fa0087
:109f8800000f78001e007800900890001e007800ee
:109f98006000900000004000008040009e007800b3
:109fa800b1009000010878001e0078006000900061
:109fb8008000e8001e007800610098001e0078000c
:109fc800000890008000e8001e0078000108980052
:109fd8001e0078008000eb00310098001e00780019
:109fe800e00090001e00780050089000808060001b
:109ff8001e007800610098000080fa00000006004a
:10a008000200fa00000f78001e0078009008900007
:10a018001e007800700090000000400000804000a2
:10a02800900078001e007800410098001e0078001b
:10a03800900090001e007800210098001e00780013
:10a04800c00090001e007800510098001e007800a3
:10a05800700090008000e8001e00780071009800f1
:10a068001e007800000890008000e9001e007800bb
:10a07800010898001e007800f00090001e0078008b
:10a0880050089000808060001e00780071009800e1
:10a098000080fa00000006000200fa00000f7800b5
:10a0a8001e007800a00090001e00780011009800a3
:10a0b8001e007800d00090001e0078004100980033
:10a0c8000080fa00000006000200fa00000f780085
:10a0d8001e007800900090001e007800400090005c
:10a0e800808040001e007800110098001e00780053
:10a0f800900090001e00780040089000808060006a
:10a108001e007800110098001e0078008000eb0007
:10a11800410098000080fa00000006000800fa00dc
:10a1280020479800210798006247980008c8bf0098
:10a13800e34f50000200360000c0eb003700370044
:10a148009660a9008180200091407800014f780036
:10a158001e80fb00018020000000400000804000bd
:10a168002e019000020878001e80fb00c1d120005b
:10a178006e419000827078001e80fb00c200dd00f6
:10a18800c0d02000008140006000b8000089be00f7
:10a198001e80fb0052168000ae0090008100610016
:10a1a80001f0a7008100ea008100ea00cf08de0084
:10a1b8000141780001d22000827078002e40900082
:10a1c800ef4f500008003e002e4090000080fb003a
:10a1d800110020008008dd000003800001007000ed
:10a1e80000038800080037002e4090000080fb0024
:10a1f80070005000110020008008dd00100380006e
:10a2080001007000100388001e40e80008e8b7004d
:10a218008660a9009660a8001e4078000080fa00b9
:10a22800000006000200fa00004f7800114798006d
:10a238001e407800e34f500004003e001e80fb00e3
:10a24800c1d120001e419000827078000080fa0081
:10a25800000006000600fa00404798004e409000b3
:10a26800e34f5000020036006000b8000a003700d3
:10a278009660a9004e4090000080fb00c200dd00ff
:10a28800c0d0200000804000301f780020177800e0
:10a298009660a8001e00be000080fa0000000600bc
:10a2a8000600fa00404798004e409000e34f5000e7
:10a2b800020036006000b800110037009660a9005f
:10a2c8004e4090000080fb00c200dd00c0d020009e
:10a2d80000804000301f7800201778004e40900022
:10a2e8000080fb00c200dd00c0d0200000814000db
:10a2f8006000b8000089be009660a8001e00be007d
:10a308000080fa00000006000200fa00004f780002
:10a318001e407800e34f500009003e009660a900f7
:10a328001e80fb00c200dd00c0d02000008140007c
:10a338006000b8000089be009660a80001003700e0
:0ca34800000000000080fa000000060089
:020000040000fa
:10a354003208000002000000000000002a0800008b
:10a3640004000000000000000c0d000018000000b4
:10a3740000000000000800000a00000000000000c7
:10a38400340800000200000002000000ff41000049
:10a394000a08000008000000000000003608000061
:10a3a4000200000002000000ff410000120800004b
:10a3b400080000000000000038080000020000004f
:10a3c40002000000ff4100001a080000080000001d
:10a3d400000000003a080000020000000200000033
:10a3e400ff410000220800000800000000000000f7
:10a3f400800c000038000000020000000000000093
:10a404000000000000000000000000000000000048
:10a4140000000000400c400008000000ff010f0095
:10a424000000000000000000000000000000000028
:10a43400000000000000000000600c00400a000062
:10a4440000ff01000f00000040080000400400006d
:10a45400000000003c0800000200000002000000b0
:10a464001c0000002e080000040000000000000092
:10a474003e0800000200000000000000440d00003f
:10a484000200000000000000b80c000036000000cc
:10a4940002000000696e6600696e6900747900004c
:10a4a4006e616e0000000a000000000064000000fd
:10a4b40000e803000000100027000000a08601004f
:10a4c400004042000f0080009698000000e1f50073
:10a4d400055f70008900ff00092f0f00ee0c0000db
:10a4e4001e00000002000000286e69006c290000b4
:10a4f40025006800076c09004c836a009074a00072
:10a504007ac000008068880000846c0082008100aa
:10a51400240d00001000000002000000494e460017
:10a5240000696e0066004e00414e00006e616e00d0
:10a5340000000000340d00001000000002000000c4
:10a54400494e460000696e0066004e00414e000010
:10a554006e616e0000000000460d00000200000065
:08a564000000000000000000ef
:020000040000fa
:10a56c000400fa00000f7800214798001e007800c4
:10a57c008000eb00823e20000289b90002017800c5
:10a58c006002b9008401780003014100833e200081
:10a59c000300b80001014100820078006100400016
:10a5ac00e0804800a5d80700d2cc2c00c3fc2300c7
:10a5bc00c2d807000001be000040220041b72400b1
:10a5cc00a3d9070082d8070000007800a0108800eb
:10a5dc001602a9001642a9001622a9001662a900ab
:10a5ec001682a90016a2a90016c2a90016e2a8009c
:10a5fc001702a9001722a8001742a9001762a90088
:10a60c001782a80017a2a8002e4090000080fb0023
:10a61c00d01088001022ef001222ef0017e2a800e1
:10a62c009a40a8009a20a8000080fa0000000600ba
:10a63c000000fa001942a9000080fa000000060090
:10a64c000000fa0018c2a9000080fa000000060001
:10a65c000000fa00c01080004300de006140600082
:10a66c000080fa00000006000000fa00c010800014
:10a67c004a00de00614060000080fa000000060025
:10a68c000000fa00c01080004400de006140600051
:10a69c000080fa00000006000000fa00c0108000e4
:10a6ac000000d100614060000080fa00000006004c
:10a6bc000000fa00c01080004500de006140600020
:10a6cc000080fa00000006000000fa00c0108000b4
:10a6dc004600de00614060000080fa0000000600c9
:10a6ec000000fa001602a80000000000b010800064
:10a6fc00610060000000e000fcff3a000080fa00fe
:10a70c00000006000000fa001642a800000000003d
:10a71c00b0108000640060000000e000fcff3a0014
:10a72c000080fa00000006000200fa00004f7800da
:10a73c001e80fb00901088000080fa0000000600cc
:10a74c000400fa00204798000040eb00004f78000e
:10a75c0080108000004f78001782a8001e407800ff
:10a76c000080fa00000006000200fa0068005700a2
:10a77c00000f780010c0b300bcfc07001e0078006e
:10a78c0000017800ceb8970080682c00acfa070066
:10a79c000040eb00b5fc07000080fa00000006004a
:10a7ac000200fa0068005700000f780030c0b300b8
:10a7bc00aefc07001e00780000017800ceb89700b0
:10a7cc0080682c009efa07000040eb00a7fc0700f5
:10a7dc000080fa00000006000200fa006800570032
:10a7ec00000f780040c0b300a0fc070090c0b3007d
:10a7fc009efc07001e00780000017800ceb8970080
:10a80c0080682c008efa07000040eb0097fc0700d4
:10a81c000080fa00000006000000fa0016fc070099
:10a82c0040fc070054fc070068fc07000080fa009d
:10a83c00000006000200fa00a3ff07000004e0007d
:10a84c00010032007eff0700806480000000e00001
:10a85c003000320000c82000e8fd07009bfc070018
:10a86c00004f78001e4078000004e00005003a001c
:10a87c00406480000000e0000200320093fc0700fe
:10a88c00004f78001e00fb00e10f50000500320065
:10a89c00e30f500008003200190037008bfc070052
:10a8ac000100370000000000406480000000e00060
:10a8bc00faff3a0017003700406480000000e00007
:10a8cc001300320081fc07008000fb0020052000f3
:10a8dc00808f500003003a00070037007bfc070014
:10a8ec000100370000000000406480000000e00020
:10a8fc00faff3a00000000000600370073fc070066
:10a90c00406480000000e000fcff3a0001003700ca
:10a91c000000000031c8bf00e14f500005003a00b4
:10a92c0057ff07000004e000020032003168ef001e
:10a93c008afc0700606580000000e000090032001e
:10a94c0043ff07000004e00006003a0031c8bf00d6
:10a95c00e14f500002003a003168ef00010037006f
:10a96c00e3fb07000080fa00000006000000fa007c
:10a97c00c8c2a80012c0b3000104200080c1b300fb
:10a98c00e5fd070034e8b7000080fa00000006007f
:10a99c000000fa0010c8bf000004e0001b003200e9
:10a9ac00504080000000e00018003200d200070088
:10a9bc000001be0060408000714080000001510029
:10a9cc0081815900504080008000eb00800f5100c5
:10a9dc00818f59000d00390051832000914078007f
:10a9ec0040c5b30080cf500002003a001068ef0061
:10a9fc0003003700c00007006040880071408800e9
:10aa0c0034c8bf0025fe0700d90007000080fa00fb
:10aa1c00000006000000fa00c902a80012c0b30032
:10aa2c000110200060c1b300bbfd070036e8b70081
:10aa3c000080fa00000006000000fa0018c8bf00f1
:10aa4c000004e0001a003200904080000000e0009a
:10aa5c0017003200a80007000001be00a0408000d3
:10aa6c00b14080000001510081815900904080006c
:10aa7c008000eb00800f5100818f59000c003900d1
:10aa8c00718320009140780040c5b30080cf500006
:10aa9c0002003a001868ef00030037009600070028
:10aaac00a0408800b140880036c8bf0015fe0700e2
:10aabc000080fa00000006000000fa00c982a8001d
:10aacc0012c0b30001002100e0c0b30092fd0700ea
:10aadc0038e8b7000080fa00000006000000fa0019
:10aaec0020c8bf000004e0001a003200d0408000f3
:10aafc000000e000170032007f0007000001be00dc
:10ab0c00e0408000f140800000015100818159003b
:10ab1c00d04080008000eb00800f5100818f5900e5
:10ab2c000c003900918320009140780040c5b3009f
:10ab3c0080cf500002003a002068ef00030037007d
:10ab4c006d000700e0408800f140880038c8bf0065
:10ab5c00ecfd07000080fa00000006000000fa007f
:10ab6c00c9c2a80012c0b30001002400c0c0b300c9
:10ab7c0069fd07003ae8b7000080fa000000060003
:10ab8c000000fa0028c8bf000004e0001a003200e0
:10ab9c00104180000000e000170032005600070052
:10abac000001be00204180003141800000015100b5
:10abbc0081815900104180008000eb00800f510012
:10abcc00818f59000c003900b1832000914078002e
:10abdc0040c5b30080cf500002003a002868ef0057
:10abec0003003700440007002041880031418800f1
:10abfc003ac8bf00c3fd07000080fa000000060041
:10ac0c000000fa00c8c2a800c902a800c982a800a6
:10ac1c00c9c2a8000080fa00000006000000fa007b
:10ac2c00501680004600de00614060000080fa0093
:10ac3c00000006000000fa00501680004800de00fc
:10ac4c00614060000080fa00000006000000fa007d
:10ac5c00501680004c00de00614060000080fa005d
:10ac6c00000006000000fa00501680004e00de00c6
:10ac7c00614060000080fa00000006000000fa004d
:10ac8c000080fa00000006000000fa000004230017
:10ac9c00203a88000080eb00601988000080fa00e0
:10acac00000006000000fa00f7ff07002000070074
:10acbc00370007003a0007003d000700400007007e
:10accc0043000700ceff070028ff070051ff0700d5
:10acdc0079ff0700a1ff0700cffe0700e7ff070081
:10acec002bff070054ff07007cff0700a4ff0700a1
:10acfc00d0fe0700f9ff37000000fa005041800039
:10ad0c00614180000080fa00000006000000fa009b
:10ad1c00504180006141800061004000e0804800ab
:10ad2c0050418800614188000080fa000000060054
:10ad3c000000fa00c0682500020007000080fa003d
:10ad4c00000006000200fa00000f78009e00780058
:10ad5c009141880000022800f0088800a00f200014
:10ad6c00d00888009760a8000080fa000000060058
:10ad7c000400fa00008fbe00a0672c00801f780032
:10ad8c0079fe07008f87e9000080fa0000000600ba
:10ad9c000000fa00c8a2a9000080fa00000006001a
:10adac000000fa00c8e2a9000080fa0000000600ca
:10adbc000000fa00c922a9000080fa000000060079
:10adcc000000fa00c9a2a9000080fa0000000600e9
:10addc000000fa00c9e2a9000080fa000000060099
:00000001FF
